date,t2m_mean,t2m_min,t2m_max,d2m_mean,tp_sum,ssr_sum,e_sum,clay_0-5cm,clay_5-15cm,clay_15-30cm,sand_0-5cm,sand_5-15cm,sand_15-30cm,phh2o_0-5cm,phh2o_5-15cm,phh2o_15-30cm,NDVI,EVI,NDWI,NDVI_int,EVI_int,NDWI_int
2023-01-01,5.1911,0.8262,12.4962,2.9756,0.1062,8.863099e+07,-0.0058,30.97,32.16,36.33,34.99,34.03,31.13,7.11,7.2,7.19,,,,0.393,0.1987,-0.4319
2023-01-02,4.3853,-0.3486,10.6726,2.0346,0.0678,8.976272e+07,-0.0055,30.97,32.16,36.33,34.99,34.03,31.13,7.11,7.2,7.19,,,,0.393,0.1987,-0.4319
2023-01-03,4.3701,0.2669,9.8782,3.4687,0.8761,8.061133e+07,-0.0042,30.97,32.16,36.33,34.99,34.03,31.13,7.11,7.2,7.19,,,,0.393,0.1987,-0.4319
2023-01-04,6.9459,2.4263,12.6964,5.0769,1.2259,7.707769e+07,-0.0056,30.97,32.16,36.33,34.99,34.03,31.13,7.11,7.2,7.19,,,,0.393,0.1987,-0.4319
2023-01-05,7.3193,2.4957,12.1678,5.0653,0.0754,8.844361e+07,-0.0056,30.97,32.16,36.33,34.99,34.03,31.13,7.11,7.2,7.19,,,,0.393,0.1987,-0.4319
2023-01-06,7.9313,3.6457,13.751,4.4327,0.126,9.243598e+07,-0.008,30.97,32.16,36.33,34.99,34.03,31.13,7.11,7.2,7.19,,,,0.393,0.1987,-0.4319
2023-01-07,5.9904,1.3754,12.3888,2.921,0.0391,1.0499923e+08,-0.0073,30.97,32.16,36.33,34.99,34.03,31.13,7.11,7.2,7.19,0.393,0.1987,-0.4319,0.393,0.1987,-0.4319
2023-01-08,6.0316,2.6815,11.318,4.0013,0.1241,8.893601e+07,-0.0061,30.97,32.16,36.33,34.99,34.03,31.13,7.11,7.2,7.19,,,,0.396428,0.201712,-0.43466
2023-01-09,5.6205,2.2724,10.7996,3.1744,0.0188,1.0505182e+08,-0.0062,30.97,32.16,36.33,34.99,34.03,31.13,7.11,7.2,7.19,,,,0.399856,0.204724,-0.43742000000000003
2023-01-10,9.4779,6.041,11.5395,6.1638,78.9049,3.815656e+07,-0.0149,30.97,32.16,36.33,34.99,34.03,31.13,7.11,7.2,7.19,,,,0.40328400000000003,0.207736,-0.44018
2023-01-11,9.3519,7.6156,11.9154,7.4136,25.5813,4.774507e+07,-0.0083,30.97,32.16,36.33,34.99,34.03,31.13,7.11,7.2,7.19,,,,0.406712,0.210748,-0.44294
2023-01-12,8.1124,5.4881,10.583,6.0909,31.6898,4.1076628e+07,-0.0063,30.97,32.16,36.33,34.99,34.03,31.13,7.11,7.2,7.19,,,,0.41014,0.21376,-0.4457
2023-01-13,6.3171,5.1858,7.3406,4.5127,30.7463,2.6518792e+07,-0.0085,30.97,32.16,36.33,34.99,34.03,31.13,7.11,7.2,7.19,,,,0.413568,0.216772,-0.44846
2023-01-14,6.5163,4.6054,9.11,3.7543,5.547,4.1327676e+07,-0.0056,30.97,32.16,36.33,34.99,34.03,31.13,7.11,7.2,7.19,,,,0.41699600000000003,0.219784,-0.45122
2023-01-15,6.512,4.6466,8.415,3.8492,10.8719,3.5328656e+07,-0.0071,30.97,32.16,36.33,34.99,34.03,31.13,7.11,7.2,7.19,,,,0.420424,0.222796,-0.45398
2023-01-16,6.9076,2.5103,11.1102,3.5013,0.7621,7.5724184e+07,-0.0071,30.97,32.16,36.33,34.99,34.03,31.13,7.11,7.2,7.19,,,,0.423852,0.225808,-0.45674000000000003
2023-01-17,12.3833,8.6359,15.7655,8.9886,16.5679,8.066492e+07,-0.0118,30.97,32.16,36.33,34.99,34.03,31.13,7.11,7.2,7.19,,,,0.42728,0.22882,-0.4595
2023-01-18,15.0614,13.7153,17.8058,8.3523,4.1086,9.359292e+07,-0.0159,30.97,32.16,36.33,34.99,34.03,31.13,7.11,7.2,7.19,,,,0.43070800000000004,0.231832,-0.46226
2023-01-19,14.5813,11.5586,18.0284,8.1192,0.2365,1.0754342e+08,-0.0154,30.97,32.16,36.33,34.99,34.03,31.13,7.11,7.2,7.19,,,,0.434136,0.234844,-0.46502
2023-01-20,11.4366,8.1299,15.8315,6.9456,15.0689,8.611193e+07,-0.0131,30.97,32.16,36.33,34.99,34.03,31.13,7.11,7.2,7.19,,,,0.437564,0.237856,-0.46778000000000003
2023-01-21,10.7404,6.3288,15.4487,6.0316,3.3311,1.0062305e+08,-0.0117,30.97,32.16,36.33,34.99,34.03,31.13,7.11,7.2,7.19,,,,0.440992,0.240868,-0.47054
2023-01-22,11.1614,7.8243,16.0591,6.7917,14.244,9.718749e+07,-0.0128,30.97,32.16,36.33,34.99,34.03,31.13,7.11,7.2,7.19,,,,0.44442000000000004,0.24388,-0.4733
2023-01-23,8.0128,5.6813,10.7175,4.4227,0.7773,1.060195e+08,-0.0104,30.97,32.16,36.33,34.99,34.03,31.13,7.11,7.2,7.19,,,,0.447848,0.246892,-0.47606000000000004
2023-01-24,5.3514,3.4817,7.244,0.8803,0.3434,7.3198024e+07,-0.0077,30.97,32.16,36.33,34.99,34.03,31.13,7.11,7.2,7.19,,,,0.451276,0.24990400000000002,-0.47882
2023-01-25,3.6343,1.423,6.2856,-1.2525,0.1766,9.938292e+07,-0.0088,30.97,32.16,36.33,34.99,34.03,31.13,7.11,7.2,7.19,,,,0.454704,0.25291600000000003,-0.48158
2023-01-26,6.5867,2.8614,9.7733,2.8752,0.3574,6.1609304e+07,-0.0059,30.97,32.16,36.33,34.99,34.03,31.13,7.11,7.2,7.19,,,,0.458132,0.255928,-0.48434
2023-01-27,8.461,6.0145,10.8115,6.0424,96.4476,4.6315384e+07,-0.0113,30.97,32.16,36.33,34.99,34.03,31.13,7.11,7.2,7.19,,,,0.46156,0.25894,-0.48710000000000003
2023-01-28,4.4822,0.9798,6.3535,0.4418,12.2105,3.675323e+07,-0.0088,30.97,32.16,36.33,34.99,34.03,31.13,7.11,7.2,7.19,,,,0.464988,0.261952,-0.48986
2023-01-29,2.2166,-0.9151,5.6757,-3.41,1.5008,8.811726e+07,-0.0084,30.97,32.16,36.33,34.99,34.03,31.13,7.11,7.2,7.19,,,,0.468416,0.26496400000000003,-0.49262
2023-01-30,2.0144,-0.6614,5.6271,-1.4843,15.5617,1.0604478e+08,-0.0095,30.97,32.16,36.33,34.99,34.03,31.13,7.11,7.2,7.19,,,,0.47184400000000004,0.267976,-0.49538000000000004
2023-01-31,0.5255,-1.9142,4.9963,-2.092,9.339,6.5291104e+07,-0.0064,30.97,32.16,36.33,34.99,34.03,31.13,7.11,7.2,7.19,,,,0.47527200000000003,0.270988,-0.49814
2023-02-01,2.5863,-2.3519,7.5641,-2.9739,1.8503,1.2235058e+08,-0.0094,30.97,32.16,36.33,34.99,34.03,31.13,7.11,7.2,7.19,0.4787,0.274,-0.5009,0.4787,0.274,-0.5009
2023-02-02,5.4742,-0.0305,11.2456,-1.1487,5.9039,1.1509697e+08,-0.011,30.97,32.16,36.33,34.99,34.03,31.13,7.11,7.2,7.19,,,,0.4763,0.27447,-0.50013
2023-02-03,2.9971,-1.7706,8.054,-1.369,8.2423,1.1810244e+08,-0.011,30.97,32.16,36.33,34.99,34.03,31.13,7.11,7.2,7.19,,,,0.4739,0.27494,-0.49936
2023-02-04,3.533,-1.8919,8.3124,0.0408,11.4446,6.852842e+07,-0.0089,30.97,32.16,36.33,34.99,34.03,31.13,7.11,7.2,7.19,,,,0.47150000000000003,0.27541000000000004,-0.49859000000000003
2023-02-05,-0.1606,-2.8962,1.736,-6.5023,16.3346,7.619439e+07,-0.0091,30.97,32.16,36.33,34.99,34.03,31.13,7.11,7.2,7.19,,,,0.4691,0.27588,-0.49782000000000004
2023-02-06,-1.0219,-3.0313,1.3857,-8.0273,41.3866,5.9146464e+07,-0.0115,30.97,32.16,36.33,34.99,34.03,31.13,7.11,7.2,7.19,,,,0.4667,0.27635,-0.49705
2023-02-07,-0.9891,-2.8993,2.3502,-9.1956,2.366,1.186263e+08,-0.0131,30.97,32.16,36.33,34.99,34.03,31.13,7.11,7.2,7.19,,,,0.4643,0.27682,-0.49628
2023-02-08,-0.6341,-3.1139,3.1871,-7.1565,1.2989,1.27113944e+08,-0.0106,30.97,32.16,36.33,34.99,34.03,31.13,7.11,7.2,7.19,,,,0.4619,0.27729000000000004,-0.49551
2023-02-09,-0.1025,-1.8551,2.7567,-5.0572,6.3344,8.450112e+07,-0.009,30.97,32.16,36.33,34.99,34.03,31.13,7.11,7.2,7.19,,,,0.4595,0.27776,-0.49474
2023-02-10,0.4628,-2.2653,4.2544,-3.9149,0.9261,1.0926623e+08,-0.0084,30.97,32.16,36.33,34.99,34.03,31.13,7.11,7.2,7.19,,,,0.4571,0.27823,-0.49397
2023-02-11,0.1392,-3.6583,5.4474,-5.5536,0.0884,1.4146218e+08,-0.0095,30.97,32.16,36.33,34.99,34.03,31.13,7.11,7.2,7.19,0.4547,0.2787,-0.4932,0.4547,0.2787,-0.4932
2023-02-12,1.7145,-2.6053,7.2679,-3.6872,0.0142,1.4255005e+08,-0.009,30.97,32.16,36.33,34.99,34.03,31.13,7.11,7.2,7.19,,,,0.45116,0.2808,-0.48742
2023-02-13,1.965,-1.549,7.3162,-4.2202,0.018,1.5125461e+08,-0.0113,30.97,32.16,36.33,34.99,34.03,31.13,7.11,7.2,7.19,,,,0.44762,0.2829,-0.48164
2023-02-14,2.5854,-2.2301,9.0696,-2.6057,0.0038,1.5147498e+08,-0.0104,30.97,32.16,36.33,34.99,34.03,31.13,7.11,7.2,7.19,,,,0.44408,0.28500000000000003,-0.47586
2023-02-15,2.8972,-0.7545,7.5454,-3.4516,0.0236,1.4124592e+08,-0.0116,30.97,32.16,36.33,34.99,34.03,31.13,7.11,7.2,7.19,,,,0.44054,0.2871,-0.47008
2023-02-16,3.7341,0.2143,9.6324,-1.5445,0.003,1.601759e+08,-0.011,30.97,32.16,36.33,34.99,34.03,31.13,7.11,7.2,7.19,0.437,0.2892,-0.4643,0.437,0.2892,-0.4643
2023-02-17,6.6505,-0.5893,14.3477,3.1596,0.0,1.6218835e+08,-0.0109,30.97,32.16,36.33,34.99,34.03,31.13,7.11,7.2,7.19,,,,0.44236,0.28500000000000003,-0.47048
2023-02-18,9.4778,4.463,15.4636,6.5533,0.3483,1.0576028e+08,-0.0074,30.97,32.16,36.33,34.99,34.03,31.13,7.11,7.2,7.19,,,,0.44772,0.2808,-0.47666
2023-02-19,12.3919,8.7856,18.0272,8.3271,0.0377,1.5616664e+08,-0.0147,30.97,32.16,36.33,34.99,34.03,31.13,7.11,7.2,7.19,,,,0.45308,0.2766,-0.48284
2023-02-20,9.1183,3.051,14.4517,5.2982,0.6193,1.4524528e+08,-0.0141,30.97,32.16,36.33,34.99,34.03,31.13,7.11,7.2,7.19,,,,0.45844,0.2724,-0.48901999999999995
2023-02-21,9.527,1.9863,17.7779,3.9045,0.054,1.6990282e+08,-0.0168,30.97,32.16,36.33,34.99,34.03,31.13,7.11,7.2,7.19,0.4638,0.2682,-0.4952,0.4638,0.2682,-0.4952
2023-02-22,10.8704,4.7156,18.5301,5.7302,0.0206,1.7232296e+08,-0.0168,30.97,32.16,36.33,34.99,34.03,31.13,7.11,7.2,7.19,,,,0.45716,0.26920666666666665,-0.4833133333333333
2023-02-23,8.1381,4.5667,13.9182,4.9978,0.0387,1.1219591e+08,-0.01,30.97,32.16,36.33,34.99,34.03,31.13,7.11,7.2,7.19,,,,0.45052,0.2702133333333333,-0.47142666666666666
2023-02-24,8.8183,4.756,14.6422,4.8303,0.0262,1.4871787e+08,-0.013,30.97,32.16,36.33,34.99,34.03,31.13,7.11,7.2,7.19,,,,0.44388,0.27122,-0.45954
2023-02-25,12.2242,6.5233,17.4654,7.4828,1.0475,1.294207e+08,-0.0132,30.97,32.16,36.33,34.99,34.03,31.13,7.11,7.2,7.19,,,,0.43724,0.2722266666666667,-0.44765333333333335
2023-02-26,14.2247,10.9067,18.5904,6.0854,0.0881,1.3802379e+08,-0.017,30.97,32.16,36.33,34.99,34.03,31.13,7.11,7.2,7.19,,,,0.4306,0.27323333333333333,-0.43576666666666664
2023-02-27,15.1427,10.59,19.5113,5.9335,0.0232,1.4023282e+08,-0.0195,30.97,32.16,36.33,34.99,34.03,31.13,7.11,7.2,7.19,,,,0.42396,0.27424,-0.42388
2023-02-28,9.6025,6.7178,13.5119,6.0005,6.9912,9.036335e+07,-0.01,30.97,32.16,36.33,34.99,34.03,31.13,7.11,7.2,7.19,,,,0.41732,0.27524666666666664,-0.4119933333333333
2023-03-01,7.4209,5.9877,10.172,4.1698,3.553,9.739562e+07,-0.0121,30.97,32.16,36.33,34.99,34.03,31.13,7.11,7.2,7.19,,,,0.41068,0.27625333333333335,-0.40010666666666667
2023-03-02,6.5874,5.7107,8.502,2.2369,1.7807,5.6454344e+07,-0.0071,30.97,32.16,36.33,34.99,34.03,31.13,7.11,7.2,7.19,,,,0.40404,0.27726,-0.38822
2023-03-03,7.3477,4.8559,10.2529,3.3587,5.2181,7.458272e+07,-0.0095,30.97,32.16,36.33,34.99,34.03,31.13,7.11,7.2,7.19,,,,0.39740000000000003,0.27826666666666666,-0.37633333333333335
2023-03-04,7.2892,1.3138,13.031,4.2552,11.8292,1.322144e+08,-0.0118,30.97,32.16,36.33,34.99,34.03,31.13,7.11,7.2,7.19,,,,0.39076,0.2792733333333333,-0.3644466666666667
2023-03-05,8.0143,4.4778,12.3108,5.4426,29.7988,8.927832e+07,-0.0115,30.97,32.16,36.33,34.99,34.03,31.13,7.11,7.2,7.19,,,,0.38412,0.28028,-0.35256
2023-03-06,7.4984,1.2141,13.3726,5.0065,8.3279,1.2748972e+08,-0.013,30.97,32.16,36.33,34.99,34.03,31.13,7.11,7.2,7.19,,,,0.37748000000000004,0.2812866666666667,-0.3406733333333334
2023-03-07,10.3723,5.7996,16.0167,7.0581,9.3132,1.603969e+08,-0.0166,30.97,32.16,36.33,34.99,34.03,31.13,7.11,7.2,7.19,,,,0.37084000000000006,0.28229333333333334,-0.32878666666666667
2023-03-08,11.9092,7.7131,17.4919,7.6493,8.1793,1.6799546e+08,-0.0188,30.97,32.16,36.33,34.99,34.03,31.13,7.11,7.2,7.19,0.3642,0.2833,-0.3169,0.3642,0.2833,-0.3169
2023-03-09,12.8379,8.0127,18.3722,6.942,0.5904,1.8057598e+08,-0.0205,30.97,32.16,36.33,34.99,34.03,31.13,7.11,7.2,7.19,,,,0.39844,0.3066,-0.36234
2023-03-10,14.1077,8.6942,18.7333,9.3189,4.3657,1.4239274e+08,-0.0163,30.97,32.16,36.33,34.99,34.03,31.13,7.11,7.2,7.19,,,,0.43268,0.32989999999999997,-0.40778000000000003
2023-03-11,13.5584,10.2509,16.8485,10.0169,235.0771,9.967466e+07,-0.0258,30.97,32.16,36.33,34.99,34.03,31.13,7.11,7.2,7.19,,,,0.46692,0.35319999999999996,-0.45322
2023-03-12,8.074,4.4262,12.2577,0.5446,18.6098,1.6005734e+08,-0.0287,30.97,32.16,36.33,34.99,34.03,31.13,7.11,7.2,7.19,,,,0.50116,0.3765,-0.49866
2023-03-13,6.0995,3.2938,9.5491,-1.2214,0.1259,1.578259e+08,-0.0196,30.97,32.16,36.33,34.99,34.03,31.13,7.11,7.2,7.19,0.5354,0.3998,-0.5441,0.5354,0.3998,-0.5441
2023-03-14,5.8804,0.4774,12.1398,-0.1068,0.0128,2.2113256e+08,-0.0231,30.97,32.16,36.33,34.99,34.03,31.13,7.11,7.2,7.19,,,,0.53386,0.39254,-0.540915
2023-03-15,8.1362,-0.5808,14.7964,2.845,1.6369,2.089817e+08,-0.0214,30.97,32.16,36.33,34.99,34.03,31.13,7.11,7.2,7.19,,,,0.53232,0.38528,-0.53773
2023-03-16,8.4547,6.1425,9.7216,7.017,261.7091,4.361321e+07,-0.0119,30.97,32.16,36.33,34.99,34.03,31.13,7.11,7.2,7.19,,,,0.53078,0.37801999999999997,-0.534545
2023-03-17,6.4608,4.7702,8.8051,1.5159,48.6333,9.469316e+07,-0.0255,30.97,32.16,36.33,34.99,34.03,31.13,7.11,7.2,7.19,,,,0.52924,0.37076,-0.53136
2023-03-18,6.955,3.4242,10.0963,0.2712,5.078,1.4838021e+08,-0.0216,30.97,32.16,36.33,34.99,34.03,31.13,7.11,7.2,7.19,,,,0.5277000000000001,0.3635,-0.5281750000000001
2023-03-19,8.1606,5.3552,11.4609,4.6768,1.3609,1.0424415e+08,-0.0152,30.97,32.16,36.33,34.99,34.03,31.13,7.11,7.2,7.19,,,,0.52616,0.35624,-0.5249900000000001
2023-03-20,8.6443,1.6498,15.868,5.4609,0.0726,2.0703446e+08,-0.0245,30.97,32.16,36.33,34.99,34.03,31.13,7.11,7.2,7.19,,,,0.52462,0.34898,-0.521805
2023-03-21,10.0702,2.8611,17.3058,6.4547,0.0045,1.7980088e+08,-0.0215,30.97,32.16,36.33,34.99,34.03,31.13,7.11,7.2,7.19,,,,0.52308,0.34171999999999997,-0.51862
2023-03-22,9.1057,7.286,12.1576,5.5699,3.6956,1.22085576e+08,-0.0161,30.97,32.16,36.33,34.99,34.03,31.13,7.11,7.2,7.19,,,,0.52154,0.33446,-0.515435
2023-03-23,8.6337,3.8977,11.9003,5.8044,10.6354,6.8244664e+07,-0.012,30.97,32.16,36.33,34.99,34.03,31.13,7.11,7.2,7.19,,,,0.52,0.3272,-0.51225
2023-03-24,9.3126,3.1729,16.3623,5.7061,0.8489,1.6758445e+08,-0.0214,30.97,32.16,36.33,34.99,34.03,31.13,7.11,7.2,7.19,,,,0.51846,0.31994,-0.509065
2023-03-25,11.7866,2.6069,19.0894,7.1569,0.0437,2.385222e+08,-0.0306,30.97,32.16,36.33,34.99,34.03,31.13,7.11,7.2,7.19,,,,0.51692,0.31267999999999996,-0.50588
2023-03-26,12.383,7.503,18.0145,7.5286,161.0614,1.7365013e+08,-0.0288,30.97,32.16,36.33,34.99,34.03,31.13,7.11,7.2,7.19,,,,0.5153800000000001,0.30541999999999997,-0.502695
2023-03-27,13.6054,6.9748,20.0746,8.7418,24.5372,2.301242e+08,-0.0346,30.97,32.16,36.33,34.99,34.03,31.13,7.11,7.2,7.19,,,,0.5138400000000001,0.29816,-0.49951
2023-03-28,9.3486,5.4147,12.6669,1.4473,84.1832,1.6057536e+08,-0.0348,30.97,32.16,36.33,34.99,34.03,31.13,7.11,7.2,7.19,,,,0.5123,0.2909,-0.496325
2023-03-29,5.3037,-0.3346,9.202,-4.8574,19.5615,2.2643554e+08,-0.0387,30.97,32.16,36.33,34.99,34.03,31.13,7.11,7.2,7.19,,,,0.51076,0.28364,-0.49314
2023-03-30,5.168,-2.2014,11.0582,-3.253,0.955,2.569203e+08,-0.033,30.97,32.16,36.33,34.99,34.03,31.13,7.11,7.2,7.19,,,,0.50922,0.27637999999999996,-0.48995500000000003
2023-03-31,10.2173,2.343,16.8095,5.123,1.3683,1.6650874e+08,-0.0246,30.97,32.16,36.33,34.99,34.03,31.13,7.11,7.2,7.19,,,,0.50768,0.26912,-0.48677
2023-04-01,13.8265,5.5835,20.0599,8.9494,2.5437,1.973994e+08,-0.03,30.97,32.16,36.33,34.99,34.03,31.13,7.11,7.2,7.19,,,,0.50614,0.26186,-0.483585
2023-04-02,13.5291,7.664,19.4381,7.5402,5.7144,2.2859237e+08,-0.0364,30.97,32.16,36.33,34.99,34.03,31.13,7.11,7.2,7.19,0.5046,0.2546,-0.4804,0.5046,0.2546,-0.4804
2023-04-03,12.1633,8.0565,17.427,8.8235,23.4645,1.28987e+08,-0.0212,30.97,32.16,36.33,34.99,34.03,31.13,7.11,7.2,7.19,,,,0.51048,0.26775,-0.48525999999999997
2023-04-04,12.5035,9.3085,16.6156,8.9103,54.5174,1.4423296e+08,-0.0266,30.97,32.16,36.33,34.99,34.03,31.13,7.11,7.2,7.19,,,,0.51636,0.2809,-0.49012
2023-04-05,8.4088,5.564,10.5594,5.5191,60.0103,1.1631398e+08,-0.0263,30.97,32.16,36.33,34.99,34.03,31.13,7.11,7.2,7.19,,,,0.52224,0.29405,-0.49498
2023-04-06,9.5368,6.9868,13.2918,5.0525,29.0043,1.6778576e+08,-0.029,30.97,32.16,36.33,34.99,34.03,31.13,7.11,7.2,7.19,,,,0.52812,0.3072,-0.49984
2023-04-07,8.9185,4.7976,12.7335,4.3628,17.2741,2.1114349e+08,-0.0337,30.97,32.16,36.33,34.99,34.03,31.13,7.11,7.2,7.19,,,,0.534,0.32034999999999997,-0.5047
2023-04-08,8.9419,3.6234,14.0785,5.0691,5.9996,2.1891296e+08,-0.0306,30.97,32.16,36.33,34.99,34.03,31.13,7.11,7.2,7.19,,,,0.53988,0.3335,-0.50956
2023-04-09,9.3445,5.5486,13.5506,4.1705,0.4028,2.3632872e+08,-0.0326,30.97,32.16,36.33,34.99,34.03,31.13,7.11,7.2,7.19,,,,0.54576,0.34665,-0.51442
2023-04-10,8.6296,6.6209,10.5727,5.7473,113.9648,8.074132e+07,-0.0244,30.97,32.16,36.33,34.99,34.03,31.13,7.11,7.2,7.19,,,,0.55164,0.3598,-0.51928
2023-04-11,9.1735,7.2851,10.9738,7.1415,127.834,1.02694744e+08,-0.0295,30.97,32.16,36.33,34.99,34.03,31.13,7.11,7.2,7.19,,,,0.55752,0.37295,-0.52414
2023-04-12,10.4826,6.949,14.6366,7.2159,67.9204,1.477277e+08,-0.0318,30.97,32.16,36.33,34.99,34.03,31.13,7.11,7.2,7.19,,,,0.5634,0.3861,-0.529
2023-04-13,11.9622,4.2624,18.4679,4.6908,4.4274,2.6194912e+08,-0.0455,30.97,32.16,36.33,34.99,34.03,31.13,7.11,7.2,7.19,,,,0.56928,0.39925,-0.53386
2023-04-14,14.4527,6.5305,21.1188,8.6024,0.0026,2.5893784e+08,-0.0443,30.97,32.16,36.33,34.99,34.03,31.13,7.11,7.2,7.19,,,,0.57516,0.4124,-0.53872
2023-04-15,14.3729,8.6604,19.0135,10.0271,6.3087,1.9282411e+08,-0.0335,30.97,32.16,36.33,34.99,34.03,31.13,7.11,7.2,7.19,,,,0.58104,0.42555,-0.54358
2023-04-16,14.6922,11.3602,20.1951,11.1257,56.7608,2.0042485e+08,-0.0363,30.97,32.16,36.33,34.99,34.03,31.13,7.11,7.2,7.19,,,,0.58692,0.4387,-0.54844
2023-04-17,13.8408,9.8705,19.3395,10.5727,51.6617,2.1295984e+08,-0.0366,30.97,32.16,36.33,34.99,34.03,31.13,7.11,7.2,7.19,,,,0.5928,0.45185,-0.5533
2023-04-18,11.9851,8.5629,15.8984,9.125,118.3843,1.9136691e+08,-0.0374,30.97,32.16,36.33,34.99,34.03,31.13,7.11,7.2,7.19,,,,0.59868,0.46499999999999997,-0.55816
2023-04-19,11.5271,7.0065,15.6993,8.6179,23.5114,1.7016122e+08,-0.0283,30.97,32.16,36.33,34.99,34.03,31.13,7.11,7.2,7.19,,,,0.60456,0.47814999999999996,-0.56302
2023-04-20,12.161,7.0604,17.8181,8.4577,16.7225,2.3334192e+08,-0.0379,30.97,32.16,36.33,34.99,34.03,31.13,7.11,7.2,7.19,,,,0.61044,0.49129999999999996,-0.56788
2023-04-21,12.3311,5.407,18.8136,8.7786,15.1668,2.2475176e+08,-0.0373,30.97,32.16,36.33,34.99,34.03,31.13,7.11,7.2,7.19,,,,0.61632,0.50445,-0.57274
2023-04-22,12.065,6.604,16.9434,6.9506,7.997,2.1385854e+08,-0.0354,30.97,32.16,36.33,34.99,34.03,31.13,7.11,7.2,7.19,0.6222,0.5176,-0.5776,0.6222,0.5176,-0.5776
2023-04-23,11.3214,5.999,16.4432,5.7659,0.5237,2.7935856e+08,-0.0441,30.97,32.16,36.33,34.99,34.03,31.13,7.11,7.2,7.19,,,,0.6231599999999999,0.5192899999999999,-0.5799300000000001
2023-04-24,11.9746,4.2794,18.3661,6.5545,0.0137,2.9230275e+08,-0.0447,30.97,32.16,36.33,34.99,34.03,31.13,7.11,7.2,7.19,,,,0.62412,0.52098,-0.58226
2023-04-25,14.6757,8.0461,19.8665,9.2026,22.6298,2.4070555e+08,-0.0412,30.97,32.16,36.33,34.99,34.03,31.13,7.11,7.2,7.19,,,,0.62508,0.52267,-0.5845899999999999
2023-04-26,13.5963,10.5138,18.0082,10.8925,179.1612,1.8861963e+08,-0.0345,30.97,32.16,36.33,34.99,34.03,31.13,7.11,7.2,7.19,,,,0.62604,0.5243599999999999,-0.58692
2023-04-27,11.4288,7.9665,15.076,6.1597,105.2899,1.746906e+08,-0.0425,30.97,32.16,36.33,34.99,34.03,31.13,7.11,7.2,7.19,,,,0.627,0.5260499999999999,-0.58925
2023-04-28,10.355,5.3934,14.3625,2.3761,9.2808,2.358246e+08,-0.0429,30.97,32.16,36.33,34.99,34.03,31.13,7.11,7.2,7.19,,,,0.62796,0.52774,-0.59158
2023-04-29,10.8237,3.5886,16.9618,2.8211,0.3978,2.770322e+08,-0.0484,30.97,32.16,36.33,34.99,34.03,31.13,7.11,7.2,7.19,,,,0.62892,0.52943,-0.5939099999999999
2023-04-30,12.7773,5.2782,18.5235,6.7268,2.2683,2.838953e+08,-0.0462,30.97,32.16,36.33,34.99,34.03,31.13,7.11,7.2,7.19,,,,0.62988,0.5311199999999999,-0.59624
2023-05-01,14.2092,8.8748,20.1716,7.9152,36.0408,2.8425085e+08,-0.046,30.97,32.16,36.33,34.99,34.03,31.13,7.11,7.2,7.19,,,,0.6308400000000001,0.53281,-0.59857
2023-05-02,13.9427,8.2381,19.6234,4.3159,3.1419,3.1599386e+08,-0.0593,30.97,32.16,36.33,34.99,34.03,31.13,7.11,7.2,7.19,0.6318,0.5345,-0.6009,0.6318,0.5345,-0.6009
2023-05-03,14.0057,10.1851,19.2083,6.6874,17.2088,2.2091394e+08,-0.0447,30.97,32.16,36.33,34.99,34.03,31.13,7.11,7.2,7.19,,,,0.63266,0.53848,-0.59818
2023-05-04,14.8014,10.6621,20.6762,11.8408,291.8117,2.3724768e+08,-0.0462,30.97,32.16,36.33,34.99,34.03,31.13,7.11,7.2,7.19,,,,0.63352,0.5424599999999999,-0.59546
2023-05-05,13.932,10.6011,17.6006,8.2468,18.0906,2.498016e+08,-0.047,30.97,32.16,36.33,34.99,34.03,31.13,7.11,7.2,7.19,,,,0.63438,0.54644,-0.59274
2023-05-06,14.4621,11.5827,18.4713,9.2192,39.4322,2.4370181e+08,-0.0502,30.97,32.16,36.33,34.99,34.03,31.13,7.11,7.2,7.19,,,,0.63524,0.55042,-0.59002
2023-05-07,14.3421,8.1944,19.1444,8.7288,2.9087,2.8731894e+08,-0.052,30.97,32.16,36.33,34.99,34.03,31.13,7.11,7.2,7.19,0.6361,0.5544,-0.5873,0.6361,0.5544,-0.5873
2023-05-08,13.7029,6.1596,19.7168,8.1687,1.0033,3.019416e+08,-0.051,30.97,32.16,36.33,34.99,34.03,31.13,7.11,7.2,7.19,,,,0.6338733333333333,0.5502,-0.58736
2023-05-09,12.4382,10.2931,15.3587,7.5983,1.3045,1.5939152e+08,-0.032,30.97,32.16,36.33,34.99,34.03,31.13,7.11,7.2,7.19,,,,0.6316466666666667,0.546,-0.58742
2023-05-10,11.7419,9.5337,14.8109,5.8692,0.0752,2.0206312e+08,-0.0356,30.97,32.16,36.33,34.99,34.03,31.13,7.11,7.2,7.19,,,,0.62942,0.5418000000000001,-0.58748
2023-05-11,11.5402,8.6416,14.4578,5.698,0.0186,2.3522128e+08,-0.0364,30.97,32.16,36.33,34.99,34.03,31.13,7.11,7.2,7.19,,,,0.6271933333333334,0.5376,-0.5875400000000001
2023-05-12,11.588,7.4377,14.8401,5.9499,0.0404,2.1225226e+08,-0.0344,30.97,32.16,36.33,34.99,34.03,31.13,7.11,7.2,7.19,,,,0.6249666666666667,0.5334,-0.5876
2023-05-13,12.9679,5.6505,19.1335,6.3384,0.0129,3.0952262e+08,-0.0478,30.97,32.16,36.33,34.99,34.03,31.13,7.11,7.2,7.19,,,,0.62274,0.5292,-0.58766
2023-05-14,13.8382,6.0722,19.0432,8.006,2.3598,2.4754691e+08,-0.0378,30.97,32.16,36.33,34.99,34.03,31.13,7.11,7.2,7.19,,,,0.6205133333333334,0.525,-0.58772
2023-05-15,17.5002,11.3094,24.4456,10.3149,3.2498,2.879211e+08,-0.0522,30.97,32.16,36.33,34.99,34.03,31.13,7.11,7.2,7.19,,,,0.6182866666666667,0.5208,-0.58778
2023-05-16,18.824,13.2664,25.3716,9.6181,1.3794,2.6576395e+08,-0.0528,30.97,32.16,36.33,34.99,34.03,31.13,7.11,7.2,7.19,,,,0.61606,0.5166,-0.58784
2023-05-17,15.7574,13.0401,20.3441,11.9216,169.6958,1.7543867e+08,-0.0403,30.97,32.16,36.33,34.99,34.03,31.13,7.11,7.2,7.19,,,,0.6138333333333333,0.5124,-0.5879
2023-05-18,15.5078,12.2735,18.2606,10.8018,20.5569,1.7173656e+08,-0.033,30.97,32.16,36.33,34.99,34.03,31.13,7.11,7.2,7.19,,,,0.6116066666666666,0.5082,-0.5879599999999999
2023-05-19,17.2712,13.3178,21.4484,11.1112,9.6475,2.6151906e+08,-0.0457,30.97,32.16,36.33,34.99,34.03,31.13,7.11,7.2,7.19,,,,0.60938,0.504,-0.58802
2023-05-20,16.9783,13.5112,20.213,11.4841,35.1789,2.3976552e+08,-0.0433,30.97,32.16,36.33,34.99,34.03,31.13,7.11,7.2,7.19,,,,0.6071533333333333,0.4998,-0.5880799999999999
2023-05-21,17.2619,12.8371,21.9254,11.9589,3.2126,2.5291829e+08,-0.0424,30.97,32.16,36.33,34.99,34.03,31.13,7.11,7.2,7.19,,,,0.6049266666666667,0.4956,-0.58814
2023-05-22,16.9543,13.351,21.0331,10.5714,4.0029,3.049113e+08,-0.0513,30.97,32.16,36.33,34.99,34.03,31.13,7.11,7.2,7.19,0.6027,0.4914,-0.5882,0.6027,0.4914,-0.5882
2023-05-23,16.6329,12.0136,19.8804,12.2947,17.5705,1.78238e+08,-0.0327,30.97,32.16,36.33,34.99,34.03,31.13,7.11,7.2,7.19,,,,0.58828,0.48536,-0.57502
2023-05-24,16.8977,11.8796,22.0308,11.4932,1.8351,2.4070405e+08,-0.0386,30.97,32.16,36.33,34.99,34.03,31.13,7.11,7.2,7.19,,,,0.57386,0.47932,-0.56184
2023-05-25,17.8936,10.6831,23.799,12.181,1.2577,3.0420858e+08,-0.0476,30.97,32.16,36.33,34.99,34.03,31.13,7.11,7.2,7.19,,,,0.5594399999999999,0.47328,-0.5486599999999999
2023-05-26,18.3694,12.0219,23.3612,14.0185,58.7149,2.5562912e+08,-0.0395,30.97,32.16,36.33,34.99,34.03,31.13,7.11,7.2,7.19,,,,0.54502,0.46724,-0.53548
2023-05-27,18.697,14.6919,22.7961,14.7153,18.6393,2.4059958e+08,-0.0386,30.97,32.16,36.33,34.99,34.03,31.13,7.11,7.2,7.19,0.5306,0.4612,-0.5223,0.5306,0.4612,-0.5223
2023-05-28,17.5109,15.4735,20.4306,13.9352,52.8429,1.7636576e+08,-0.0337,30.97,32.16,36.33,34.99,34.03,31.13,7.11,7.2,7.19,,,,0.53532,0.4509,-0.52848
2023-05-29,18.4482,15.1605,22.4651,14.9333,76.4937,2.0443184e+08,-0.0422,30.97,32.16,36.33,34.99,34.03,31.13,7.11,7.2,7.19,,,,0.54004,0.4406,-0.53466
2023-05-30,19.3411,14.5398,23.2549,15.4402,31.5513,2.093991e+08,-0.0397,30.97,32.16,36.33,34.99,34.03,31.13,7.11,7.2,7.19,,,,0.54476,0.4303,-0.54084
2023-05-31,19.7338,12.9185,25.5859,11.9283,2.324,2.9092774e+08,-0.0534,30.97,32.16,36.33,34.99,34.03,31.13,7.11,7.2,7.19,,,,0.54948,0.42,-0.5470200000000001
2023-06-01,19.8679,13.209,25.4775,9.7312,0.0389,3.3669536e+08,-0.0607,30.97,32.16,36.33,34.99,34.03,31.13,7.11,7.2,7.19,0.5542,0.4097,-0.5532,0.5542,0.4097,-0.5532
2023-06-02,20.187,13.6718,25.8649,9.5679,0.0197,3.3633728e+08,-0.0579,30.97,32.16,36.33,34.99,34.03,31.13,7.11,7.2,7.19,,,,0.53938,0.40128,-0.5424800000000001
2023-06-03,19.1823,14.8188,23.897,9.9401,0.6082,2.0086632e+08,-0.0347,30.97,32.16,36.33,34.99,34.03,31.13,7.11,7.2,7.19,,,,0.52456,0.39286,-0.53176
2023-06-04,18.9144,15.1008,22.9222,13.9058,11.2423,2.6053602e+08,-0.0346,30.97,32.16,36.33,34.99,34.03,31.13,7.11,7.2,7.19,,,,0.5097400000000001,0.38444,-0.52104
2023-06-05,18.4229,13.2903,23.9466,11.873,0.8105,2.9399338e+08,-0.0376,30.97,32.16,36.33,34.99,34.03,31.13,7.11,7.2,7.19,,,,0.49492,0.37601999999999997,-0.51032
2023-06-06,18.9799,13.4351,24.445,12.0852,0.0044,3.351993e+08,-0.0397,30.97,32.16,36.33,34.99,34.03,31.13,7.11,7.2,7.19,0.4801,0.3676,-0.4996,0.4801,0.3676,-0.4996
2023-06-07,19.0126,14.3977,24.1241,12.1911,0.0292,3.3617587e+08,-0.0366,30.97,32.16,36.33,34.99,34.03,31.13,7.11,7.2,7.19,,,,0.4741866666666667,0.3609133333333333,-0.4957533333333333
2023-06-08,19.8124,14.5914,24.855,13.1057,0.0145,3.2000208e+08,-0.0341,30.97,32.16,36.33,34.99,34.03,31.13,7.11,7.2,7.19,,,,0.4682733333333334,0.35422666666666663,-0.49190666666666666
2023-06-09,20.6273,14.7916,26.6988,12.726,0.0232,3.0699568e+08,-0.0348,30.97,32.16,36.33,34.99,34.03,31.13,7.11,7.2,7.19,,,,0.46236000000000005,0.34753999999999996,-0.48806
2023-06-10,21.9139,13.1905,28.3493,11.4637,0.0305,3.3324387e+08,-0.0394,30.97,32.16,36.33,34.99,34.03,31.13,7.11,7.2,7.19,,,,0.45644666666666667,0.34085333333333334,-0.48421333333333333
2023-06-11,21.4658,15.6141,26.9199,13.2146,0.534,2.6698218e+08,-0.0289,30.97,32.16,36.33,34.99,34.03,31.13,7.11,7.2,7.19,,,,0.45053333333333334,0.33416666666666667,-0.48036666666666666
2023-06-12,19.7231,14.5772,23.501,14.1102,10.1191,2.4998998e+08,-0.0235,30.97,32.16,36.33,34.99,34.03,31.13,7.11,7.2,7.19,,,,0.44462,0.32748,-0.47652
2023-06-13,19.2566,15.0576,23.0196,13.5617,9.0584,1.9308016e+08,-0.0199,30.97,32.16,36.33,34.99,34.03,31.13,7.11,7.2,7.19,,,,0.4387066666666667,0.3207933333333333,-0.47267333333333333
2023-06-14,20.513,14.2608,25.6233,14.049,5.2146,2.052647e+08,-0.0213,30.97,32.16,36.33,34.99,34.03,31.13,7.11,7.2,7.19,,,,0.43279333333333336,0.31410666666666665,-0.46882666666666667
2023-06-15,21.675,14.8916,28.0928,14.8194,0.4285,2.791068e+08,-0.0265,30.97,32.16,36.33,34.99,34.03,31.13,7.11,7.2,7.19,,,,0.42688000000000004,0.30741999999999997,-0.46498
2023-06-16,21.6847,17.4738,26.844,15.497,8.2747,2.5005048e+08,-0.0232,30.97,32.16,36.33,34.99,34.03,31.13,7.11,7.2,7.19,,,,0.4209666666666667,0.3007333333333333,-0.46113333333333334
2023-06-17,21.1004,18.0495,24.775,16.0045,48.8549,1.9220042e+08,-0.0276,30.97,32.16,36.33,34.99,34.03,31.13,7.11,7.2,7.19,,,,0.4150533333333334,0.2940466666666667,-0.4572866666666667
2023-06-18,22.7,17.1346,27.4798,15.1598,8.6778,2.6243163e+08,-0.0321,30.97,32.16,36.33,34.99,34.03,31.13,7.11,7.2,7.19,,,,0.40914,0.28736,-0.45344
2023-06-19,22.3085,18.1967,27.5552,16.9017,82.8665,2.6141154e+08,-0.0316,30.97,32.16,36.33,34.99,34.03,31.13,7.11,7.2,7.19,,,,0.4032266666666667,0.28067333333333333,-0.44959333333333334
2023-06-20,21.8568,16.2762,28.0704,16.0408,57.7167,2.819596e+08,-0.0408,30.97,32.16,36.33,34.99,34.03,31.13,7.11,7.2,7.19,,,,0.39731333333333335,0.27398666666666666,-0.4457466666666667
2023-06-21,22.9374,15.383,28.1751,16.093,17.406,2.88274e+08,-0.0453,30.97,32.16,36.33,34.99,34.03,31.13,7.11,7.2,7.19,0.3914,0.2673,-0.4419,0.3914,0.2673,-0.4419
2023-06-22,23.9478,17.2818,29.408,15.7043,2.3623,3.0253952e+08,-0.0483,30.97,32.16,36.33,34.99,34.03,31.13,7.11,7.2,7.19,,,,0.39182,0.26887,-0.44304
2023-06-23,24.2951,18.3013,30.4442,15.5239,0.1254,3.3140774e+08,-0.0477,30.97,32.16,36.33,34.99,34.03,31.13,7.11,7.2,7.19,,,,0.39224000000000003,0.27043999999999996,-0.44418
2023-06-24,24.7082,18.3872,31.395,13.9142,0.0293,3.432809e+08,-0.0456,30.97,32.16,36.33,34.99,34.03,31.13,7.11,7.2,7.19,,,,0.39266,0.27201,-0.44532
2023-06-25,23.9323,15.6727,30.7313,12.9421,0.0077,3.4645734e+08,-0.0398,30.97,32.16,36.33,34.99,34.03,31.13,7.11,7.2,7.19,,,,0.39308000000000004,0.27358,-0.44646
2023-06-26,23.2854,17.6483,28.5347,16.1708,1.4795,2.4340517e+08,-0.0246,30.97,32.16,36.33,34.99,34.03,31.13,7.11,7.2,7.19,,,,0.3935,0.27515,-0.4476
2023-06-27,24.4901,18.2427,29.9157,13.7126,0.163,3.0171347e+08,-0.0286,30.97,32.16,36.33,34.99,34.03,31.13,7.11,7.2,7.19,,,,0.39392,0.27671999999999997,-0.44873999999999997
2023-06-28,26.0731,16.8995,32.9763,12.9348,0.0182,3.119134e+08,-0.0327,30.97,32.16,36.33,34.99,34.03,31.13,7.11,7.2,7.19,,,,0.39434,0.27829,-0.44988
2023-06-29,22.1187,18.2277,27.2964,12.2,32.0823,2.4384254e+08,-0.032,30.97,32.16,36.33,34.99,34.03,31.13,7.11,7.2,7.19,,,,0.39476,0.27986,-0.45102
2023-06-30,23.8504,15.8737,30.0083,11.1859,1.7934,3.081059e+08,-0.0273,30.97,32.16,36.33,34.99,34.03,31.13,7.11,7.2,7.19,,,,0.39518000000000003,0.28142999999999996,-0.45216
2023-07-01,25.2821,16.4492,31.8584,11.4556,0.0103,3.3985187e+08,-0.0308,30.97,32.16,36.33,34.99,34.03,31.13,7.11,7.2,7.19,0.3956,0.283,-0.4533,0.3956,0.283,-0.4533
2023-07-02,27.6,19.2997,34.1799,12.725,4.4751,3.2815763e+08,-0.0302,30.97,32.16,36.33,34.99,34.03,31.13,7.11,7.2,7.19,,,,0.3889,0.28269999999999995,-0.44522
2023-07-03,25.8016,20.668,30.8669,16.868,3.3891,2.8328947e+08,-0.0215,30.97,32.16,36.33,34.99,34.03,31.13,7.11,7.2,7.19,,,,0.3822,0.2824,-0.43714
2023-07-04,26.1506,19.6408,32.3188,16.3189,0.2787,3.0371952e+08,-0.0228,30.97,32.16,36.33,34.99,34.03,31.13,7.11,7.2,7.19,,,,0.3755,0.28209999999999996,-0.42906
2023-07-05,25.6574,20.752,30.9528,17.6659,0.0116,3.1804246e+08,-0.0189,30.97,32.16,36.33,34.99,34.03,31.13,7.11,7.2,7.19,,,,0.36879999999999996,0.2818,-0.42097999999999997
2023-07-06,26.8784,21.0229,32.488,16.0206,0.0119,3.115397e+08,-0.019,30.97,32.16,36.33,34.99,34.03,31.13,7.11,7.2,7.19,0.3621,0.2815,-0.4129,0.3621,0.2815,-0.4129
2023-07-07,27.1276,22.086,34.0524,16.7988,28.852,2.9278867e+08,-0.0229,30.97,32.16,36.33,34.99,34.03,31.13,7.11,7.2,7.19,,,,0.36613999999999997,0.28014,-0.41744
2023-07-08,24.1372,19.9756,28.8639,15.237,22.2828,2.8242045e+08,-0.0266,30.97,32.16,36.33,34.99,34.03,31.13,7.11,7.2,7.19,,,,0.37017999999999995,0.27878,-0.42197999999999997
2023-07-09,24.5235,18.1219,30.2331,10.213,1.5867,3.2828416e+08,-0.0257,30.97,32.16,36.33,34.99,34.03,31.13,7.11,7.2,7.19,,,,0.37422,0.27742,-0.42652
2023-07-10,25.3501,17.0816,30.7759,12.3046,0.0107,2.964978e+08,-0.0221,30.97,32.16,36.33,34.99,34.03,31.13,7.11,7.2,7.19,,,,0.37826,0.27605999999999997,-0.43106
2023-07-11,27.7744,19.2857,32.9274,13.218,0.0262,2.8045462e+08,-0.0212,30.97,32.16,36.33,34.99,34.03,31.13,7.11,7.2,7.19,0.3823,0.2747,-0.4356,0.3823,0.2747,-0.4356
2023-07-12,28.291,22.0106,34.7936,16.1863,0.0301,3.1233123e+08,-0.024,30.97,32.16,36.33,34.99,34.03,31.13,7.11,7.2,7.19,,,,0.38355999999999996,0.2766,-0.43732
2023-07-13,30.7981,22.0169,38.0005,17.6419,0.016,3.133553e+08,-0.0253,30.97,32.16,36.33,34.99,34.03,31.13,7.11,7.2,7.19,,,,0.38482,0.2785,-0.43904
2023-07-14,30.62,24.268,37.8699,17.9965,14.8377,3.0142627e+08,-0.0241,30.97,32.16,36.33,34.99,34.03,31.13,7.11,7.2,7.19,,,,0.38608,0.2804,-0.44076
2023-07-15,27.0635,22.1829,32.3109,17.6954,1.2436,3.0566678e+08,-0.017,30.97,32.16,36.33,34.99,34.03,31.13,7.11,7.2,7.19,,,,0.38734,0.2823,-0.44248
2023-07-16,26.0919,20.9221,32.1189,15.1819,0.0,3.2344768e+08,-0.0167,30.97,32.16,36.33,34.99,34.03,31.13,7.11,7.2,7.19,0.3886,0.2842,-0.4442,0.3886,0.2842,-0.4442
2023-07-17,25.9434,19.8002,32.4284,15.0567,0.0085,3.2423805e+08,-0.0158,30.97,32.16,36.33,34.99,34.03,31.13,7.11,7.2,7.19,,,,0.38678,0.28076,-0.44173999999999997
2023-07-18,26.6008,19.2612,33.632,13.5359,0.0218,3.199045e+08,-0.0163,30.97,32.16,36.33,34.99,34.03,31.13,7.11,7.2,7.19,,,,0.38496,0.27732,-0.43928
2023-07-19,28.144,20.0554,35.3235,13.7355,0.0211,3.192622e+08,-0.0176,30.97,32.16,36.33,34.99,34.03,31.13,7.11,7.2,7.19,,,,0.38314,0.27388,-0.43682
2023-07-20,30.0126,21.1016,37.3537,14.5073,0.0493,3.115394e+08,-0.0188,30.97,32.16,36.33,34.99,34.03,31.13,7.11,7.2,7.19,,,,0.38132,0.27044,-0.43436
2023-07-21,28.1762,23.4803,33.8762,19.071,6.2795,2.9591085e+08,-0.0146,30.97,32.16,36.33,34.99,34.03,31.13,7.11,7.2,7.19,0.3795,0.267,-0.4319,0.3795,0.267,-0.4319
2023-07-22,30.3779,21.503,37.9157,17.7498,0.8189,3.0893683e+08,-0.0168,30.97,32.16,36.33,34.99,34.03,31.13,7.11,7.2,7.19,,,,0.38006,0.27014,-0.4331
2023-07-23,29.7622,22.9655,35.9088,17.512,0.0538,3.0008992e+08,-0.0151,30.97,32.16,36.33,34.99,34.03,31.13,7.11,7.2,7.19,,,,0.38062,0.27328,-0.4343
2023-07-24,26.6361,21.7619,32.4785,16.6808,0.0135,3.0849654e+08,-0.0115,30.97,32.16,36.33,34.99,34.03,31.13,7.11,7.2,7.19,,,,0.38117999999999996,0.27642,-0.4355
2023-07-25,28.8495,20.1902,35.7829,13.2557,0.0208,3.1670637e+08,-0.0134,30.97,32.16,36.33,34.99,34.03,31.13,7.11,7.2,7.19,,,,0.38173999999999997,0.27956000000000003,-0.43670000000000003
2023-07-26,31.7376,23.0951,39.9298,13.1594,0.0069,3.193548e+08,-0.0141,30.97,32.16,36.33,34.99,34.03,31.13,7.11,7.2,7.19,0.3823,0.2827,-0.4379,0.3823,0.2827,-0.4379
2023-07-27,24.6436,19.5645,27.3571,12.9547,11.4729,2.3157744e+08,-0.0103,30.97,32.16,36.33,34.99,34.03,31.13,7.11,7.2,7.19,,,,0.3898,0.28706,-0.44164000000000003
2023-07-28,23.5718,17.4999,29.3599,11.8054,0.9423,3.0993245e+08,-0.0116,30.97,32.16,36.33,34.99,34.03,31.13,7.11,7.2,7.19,,,,0.3973,0.29142,-0.44538
2023-07-29,24.8709,18.4164,31.3166,13.0422,0.0163,3.157192e+08,-0.011,30.97,32.16,36.33,34.99,34.03,31.13,7.11,7.2,7.19,,,,0.4048,0.29578,-0.44912
2023-07-30,24.964,18.8199,31.7259,14.2445,0.0017,3.1466378e+08,-0.0101,30.97,32.16,36.33,34.99,34.03,31.13,7.11,7.2,7.19,,,,0.4123,0.30014,-0.45286
2023-07-31,24.9643,18.6098,31.2411,15.2788,0.1101,2.9968256e+08,-0.0089,30.97,32.16,36.33,34.99,34.03,31.13,7.11,7.2,7.19,0.4198,0.3045,-0.4566,0.4198,0.3045,-0.4566
2023-08-01,25.1632,19.7045,30.5752,16.6118,0.5408,2.4290421e+08,-0.0073,30.97,32.16,36.33,34.99,34.03,31.13,7.11,7.2,7.19,,,,0.42458,0.31006,-0.46116
2023-08-02,28.0937,18.9065,35.0678,15.2903,0.0529,2.9417715e+08,-0.011,30.97,32.16,36.33,34.99,34.03,31.13,7.11,7.2,7.19,,,,0.42936,0.31562,-0.46572
2023-08-03,30.6857,23.7458,37.1069,15.4348,0.0085,3.044859e+08,-0.0122,30.97,32.16,36.33,34.99,34.03,31.13,7.11,7.2,7.19,,,,0.43413999999999997,0.32117999999999997,-0.47028
2023-08-04,29.9397,23.7869,36.3736,15.9406,0.006,3.0482915e+08,-0.0102,30.97,32.16,36.33,34.99,34.03,31.13,7.11,7.2,7.19,,,,0.43892,0.32674,-0.47484
2023-08-05,27.3647,22.6411,33.5684,19.4759,0.0103,2.9847088e+08,-0.0073,30.97,32.16,36.33,34.99,34.03,31.13,7.11,7.2,7.19,0.4437,0.3323,-0.4794,0.4437,0.3323,-0.4794
2023-08-06,28.2443,21.8634,34.5085,16.9939,0.0872,2.890487e+08,-0.0074,30.97,32.16,36.33,34.99,34.03,31.13,7.11,7.2,7.19,,,,0.4420133333333333,0.33183999999999997,-0.47822
2023-08-07,27.0935,21.9427,32.4287,15.5062,0.315,2.661213e+08,-0.0077,30.97,32.16,36.33,34.99,34.03,31.13,7.11,7.2,7.19,,,,0.44032666666666664,0.33138,-0.47704
2023-08-08,24.1436,20.2396,28.3764,14.5519,0.0322,2.7630515e+08,-0.0057,30.97,32.16,36.33,34.99,34.03,31.13,7.11,7.2,7.19,,,,0.43864,0.33092,-0.47586
2023-08-09,22.7709,19.1376,26.3387,13.387,0.0194,2.4281869e+08,-0.0043,30.97,32.16,36.33,34.99,34.03,31.13,7.11,7.2,7.19,,,,0.4369533333333333,0.33046,-0.47468
2023-08-10,23.443,19.3375,28.27,15.1492,0.1986,2.0078834e+08,-0.0042,30.97,32.16,36.33,34.99,34.03,31.13,7.11,7.2,7.19,,,,0.43526666666666664,0.33,-0.4735
2023-08-11,23.9745,19.8553,29.2687,12.8841,0.3286,2.697682e+08,-0.0062,30.97,32.16,36.33,34.99,34.03,31.13,7.11,7.2,7.19,,,,0.43357999999999997,0.32954,-0.47232
2023-08-12,24.0321,19.0107,28.7762,14.5668,0.0167,2.8347814e+08,-0.0051,30.97,32.16,36.33,34.99,34.03,31.13,7.11,7.2,7.19,,,,0.4318933333333333,0.32908,-0.47114
2023-08-13,24.4607,21.3056,28.2568,16.2339,2.1946,2.3375787e+08,-0.0047,30.97,32.16,36.33,34.99,34.03,31.13,7.11,7.2,7.19,,,,0.4302066666666667,0.32862,-0.46996
2023-08-14,25.4562,22.3104,29.1356,18.517,2.3893,2.1815006e+08,-0.0048,30.97,32.16,36.33,34.99,34.03,31.13,7.11,7.2,7.19,,,,0.42852,0.32816,-0.46878
2023-08-15,26.4466,23.4167,30.9517,20.1618,2.9402,2.1452082e+08,-0.0054,30.97,32.16,36.33,34.99,34.03,31.13,7.11,7.2,7.19,,,,0.42683333333333334,0.3277,-0.4676
2023-08-16,26.1564,23.1112,30.4393,19.4041,0.4946,2.2261371e+08,-0.0044,30.97,32.16,36.33,34.99,34.03,31.13,7.11,7.2,7.19,,,,0.4251466666666667,0.32724000000000003,-0.46642
2023-08-17,26.5479,22.9965,31.528,18.5138,0.0206,2.783717e+08,-0.0052,30.97,32.16,36.33,34.99,34.03,31.13,7.11,7.2,7.19,,,,0.42346,0.32678,-0.46524
2023-08-18,26.5774,23.592,31.5016,18.5591,0.1198,2.537898e+08,-0.0046,30.97,32.16,36.33,34.99,34.03,31.13,7.11,7.2,7.19,,,,0.42177333333333333,0.32632,-0.46406
2023-08-19,26.1557,23.011,30.6815,17.0457,0.2854,2.6593062e+08,-0.0048,30.97,32.16,36.33,34.99,34.03,31.13,7.11,7.2,7.19,,,,0.42008666666666666,0.32586000000000004,-0.46288
2023-08-20,27.3716,22.7135,32.99,15.9674,1.7747,2.7047942e+08,-0.0063,30.97,32.16,36.33,34.99,34.03,31.13,7.11,7.2,7.19,0.4184,0.3254,-0.4617,0.4184,0.3254,-0.4617
2023-08-21,28.5655,22.6913,35.2128,14.0244,0.1177,2.900734e+08,-0.0069,30.97,32.16,36.33,34.99,34.03,31.13,7.11,7.2,7.19,,,,0.41656,0.32288,-0.46038
2023-08-22,28.6183,23.0159,35.0428,15.9478,0.0026,2.8248973e+08,-0.0064,30.97,32.16,36.33,34.99,34.03,31.13,7.11,7.2,7.19,,,,0.41472,0.32036000000000003,-0.45906
2023-08-23,27.7609,23.1494,33.7747,17.6408,0.0147,2.8217718e+08,-0.0056,30.97,32.16,36.33,34.99,34.03,31.13,7.11,7.2,7.19,,,,0.41288,0.31784,-0.45774
2023-08-24,27.1119,22.1099,33.4659,17.8547,0.0065,2.7040016e+08,-0.0054,30.97,32.16,36.33,34.99,34.03,31.13,7.11,7.2,7.19,,,,0.41104,0.31532000000000004,-0.45642
2023-08-25,26.6447,21.7281,32.7461,17.9731,0.0004,2.708847e+08,-0.0052,30.97,32.16,36.33,34.99,34.03,31.13,7.11,7.2,7.19,0.4092,0.3128,-0.4551,0.4092,0.3128,-0.4551
2023-08-26,26.8776,22.4062,32.83,16.7873,0.0142,2.776834e+08,-0.0051,30.97,32.16,36.33,34.99,34.03,31.13,7.11,7.2,7.19,,,,0.4072,0.30936,-0.45492
2023-08-27,25.4748,21.5626,30.1601,17.4703,0.0009,2.5444158e+08,-0.0041,30.97,32.16,36.33,34.99,34.03,31.13,7.11,7.2,7.19,,,,0.4052,0.30592,-0.45474
2023-08-28,25.3652,19.9775,31.3155,17.0814,0.0,2.5563126e+08,-0.0045,30.97,32.16,36.33,34.99,34.03,31.13,7.11,7.2,7.19,,,,0.4032,0.30247999999999997,-0.45456
2023-08-29,26.6073,19.9113,33.3257,18.4758,0.0283,2.6469773e+08,-0.0055,30.97,32.16,36.33,34.99,34.03,31.13,7.11,7.2,7.19,,,,0.4012,0.29904,-0.45438
2023-08-30,27.8086,21.3727,35.0186,18.1436,0.0162,2.5247254e+08,-0.006,30.97,32.16,36.33,34.99,34.03,31.13,7.11,7.2,7.19,0.3992,0.2956,-0.4542,0.3992,0.2956,-0.4542
2023-08-31,27.448,21.2965,34.1959,16.0102,0.0138,2.4136514e+08,-0.0053,30.97,32.16,36.33,34.99,34.03,31.13,7.11,7.2,7.19,,,,0.40024,0.30073999999999995,-0.45994
2023-09-01,26.3167,21.4402,31.5733,15.4225,6.7046,2.3426226e+08,-0.0074,30.97,32.16,36.33,34.99,34.03,31.13,7.11,7.2,7.19,,,,0.40127999999999997,0.30588,-0.46568
2023-09-02,24.9537,22.2597,28.166,18.0044,13.6528,2.0951258e+08,-0.0092,30.97,32.16,36.33,34.99,34.03,31.13,7.11,7.2,7.19,,,,0.40232,0.31101999999999996,-0.47142
2023-09-03,24.1538,20.5304,28.1852,15.8632,5.2253,2.0696165e+08,-0.0066,30.97,32.16,36.33,34.99,34.03,31.13,7.11,7.2,7.19,,,,0.40336,0.31616,-0.47716
2023-09-04,22.0896,18.9198,24.757,16.7102,10.5711,1.821254e+08,-0.0071,30.97,32.16,36.33,34.99,34.03,31.13,7.11,7.2,7.19,0.4044,0.3213,-0.4829,0.4044,0.3213,-0.4829
2023-09-05,22.1511,20.9627,24.2054,17.7857,61.8062,1.1256295e+08,-0.0187,30.97,32.16,36.33,34.99,34.03,31.13,7.11,7.2,7.19,,,,0.41122,0.32764,-0.48438
2023-09-06,24.1628,21.784,27.3822,16.2518,3.9925,1.9462886e+08,-0.0103,30.97,32.16,36.33,34.99,34.03,31.13,7.11,7.2,7.19,,,,0.41803999999999997,0.33398,-0.48586
2023-09-07,24.2896,21.7638,28.032,15.5606,0.4364,2.2176784e+08,-0.0094,30.97,32.16,36.33,34.99,34.03,31.13,7.11,7.2,7.19,,,,0.42486,0.34031999999999996,-0.48734
2023-09-08,23.322,20.6445,26.9379,14.3016,0.1274,2.0000958e+08,-0.0078,30.97,32.16,36.33,34.99,34.03,31.13,7.11,7.2,7.19,,,,0.43168,0.34665999999999997,-0.48882000000000003
2023-09-09,22.3546,19.3782,26.5749,12.2055,0.0246,2.411341e+08,-0.0074,30.97,32.16,36.33,34.99,34.03,31.13,7.11,7.2,7.19,0.4385,0.353,-0.4903,0.4385,0.353,-0.4903
2023-09-10,21.5936,18.7285,25.419,12.7653,0.0144,2.00323e+08,-0.0055,30.97,32.16,36.33,34.99,34.03,31.13,7.11,7.2,7.19,,,,0.43617,0.34759999999999996,-0.48887
2023-09-11,20.8571,17.4849,24.9624,11.4952,0.0041,2.0771838e+08,-0.0053,30.97,32.16,36.33,34.99,34.03,31.13,7.11,7.2,7.19,,,,0.43384,0.3422,-0.48744
2023-09-12,21.099,15.9939,26.825,12.0515,0.0004,2.3427712e+08,-0.0058,30.97,32.16,36.33,34.99,34.03,31.13,7.11,7.2,7.19,,,,0.43151,0.3368,-0.48601
2023-09-13,21.4751,14.9588,28.4307,13.8159,0.0051,2.4145877e+08,-0.006,30.97,32.16,36.33,34.99,34.03,31.13,7.11,7.2,7.19,,,,0.42918,0.3314,-0.48458
2023-09-14,22.6572,15.0016,30.6209,12.4893,0.018,2.4540008e+08,-0.007,30.97,32.16,36.33,34.99,34.03,31.13,7.11,7.2,7.19,,,,0.42685,0.32599999999999996,-0.48314999999999997
2023-09-15,23.2579,15.9882,30.9559,12.3321,0.0083,2.3527704e+08,-0.0065,30.97,32.16,36.33,34.99,34.03,31.13,7.11,7.2,7.19,,,,0.42452,0.3206,-0.48172
2023-09-16,22.6794,17.9826,28.1554,15.3993,0.0006,2.2361315e+08,-0.0047,30.97,32.16,36.33,34.99,34.03,31.13,7.11,7.2,7.19,,,,0.42219,0.3152,-0.48029
2023-09-17,22.0381,19.2776,26.6598,15.2242,2.7059,1.913767e+08,-0.0042,30.97,32.16,36.33,34.99,34.03,31.13,7.11,7.2,7.19,,,,0.41986,0.30979999999999996,-0.47886
2023-09-18,21.3976,18.685,25.0309,11.6183,0.2112,1.8243494e+08,-0.0034,30.97,32.16,36.33,34.99,34.03,31.13,7.11,7.2,7.19,,,,0.41753,0.3044,-0.47742999999999997
2023-09-19,21.5371,16.8147,26.617,12.4121,0.0146,2.1595325e+08,-0.0038,30.97,32.16,36.33,34.99,34.03,31.13,7.11,7.2,7.19,0.4152,0.299,-0.476,0.4152,0.299,-0.476
2023-09-20,20.7844,14.2916,27.7672,13.6326,0.0009,2.241413e+08,-0.004,30.97,32.16,36.33,34.99,34.03,31.13,7.11,7.2,7.19,,,,0.40758,0.2939,-0.46834
2023-09-21,21.4706,15.1538,28.485,13.795,0.003,2.1951358e+08,-0.0042,30.97,32.16,36.33,34.99,34.03,31.13,7.11,7.2,7.19,,,,0.39996,0.2888,-0.46068
2023-09-22,23.9686,16.2462,31.555,13.3007,0.0309,2.2086918e+08,-0.0047,30.97,32.16,36.33,34.99,34.03,31.13,7.11,7.2,7.19,,,,0.39234,0.2837,-0.45302
2023-09-23,25.9349,18.4958,34.1255,13.4246,0.003,2.210668e+08,-0.0053,30.97,32.16,36.33,34.99,34.03,31.13,7.11,7.2,7.19,,,,0.38472,0.2786,-0.44536
2023-09-24,24.69,20.1948,31.8412,15.2832,0.0,2.1703272e+08,-0.0042,30.97,32.16,36.33,34.99,34.03,31.13,7.11,7.2,7.19,0.3771,0.2735,-0.4377,0.3771,0.2735,-0.4377
2023-09-25,22.8114,19.755,26.6977,16.6305,0.0541,1.70197e+08,-0.0022,30.97,32.16,36.33,34.99,34.03,31.13,7.11,7.2,7.19,,,,0.38134,0.27812000000000003,-0.43695999999999996
2023-09-26,22.7014,20.169,26.7083,15.7087,0.0381,1.8648562e+08,-0.0021,30.97,32.16,36.33,34.99,34.03,31.13,7.11,7.2,7.19,,,,0.38558,0.28274,-0.43622
2023-09-27,22.4478,20.0056,25.9518,15.1815,0.4231,1.7006875e+08,-0.0021,30.97,32.16,36.33,34.99,34.03,31.13,7.11,7.2,7.19,,,,0.38982,0.28736,-0.43548
2023-09-28,20.7113,19.3377,23.5672,16.6401,50.6535,8.759492e+07,-0.0076,30.97,32.16,36.33,34.99,34.03,31.13,7.11,7.2,7.19,,,,0.39405999999999997,0.29197999999999996,-0.43474
2023-09-29,21.3233,17.5099,25.8059,14.3974,7.7338,1.5430806e+08,-0.0098,30.97,32.16,36.33,34.99,34.03,31.13,7.11,7.2,7.19,0.3983,0.2966,-0.434,0.3983,0.2966,-0.434
2023-09-30,21.1054,17.7065,25.2324,14.3637,3.0404,1.6246368e+08,-0.0084,30.97,32.16,36.33,34.99,34.03,31.13,7.11,7.2,7.19,,,,0.38702,0.28681999999999996,-0.4284
2023-10-01,21.7586,17.7733,26.4224,9.5499,0.2306,1.9926933e+08,-0.0093,30.97,32.16,36.33,34.99,34.03,31.13,7.11,7.2,7.19,,,,0.37573999999999996,0.27704,-0.4228
2023-10-02,19.597,15.4663,23.5508,9.9457,0.3952,1.943224e+08,-0.007,30.97,32.16,36.33,34.99,34.03,31.13,7.11,7.2,7.19,,,,0.36446,0.26726,-0.4172
2023-10-03,17.8345,13.709,22.5306,8.9856,0.3129,1.6029498e+08,-0.0053,30.97,32.16,36.33,34.99,34.03,31.13,7.11,7.2,7.19,,,,0.35318,0.25748,-0.4116
2023-10-04,18.134,11.1559,24.7157,10.7421,0.0207,1.9465336e+08,-0.0056,30.97,32.16,36.33,34.99,34.03,31.13,7.11,7.2,7.19,0.3419,0.2477,-0.406,0.3419,0.2477,-0.406
2023-10-05,17.8161,12.3641,24.0418,12.213,0.0085,1.7925922e+08,-0.0043,30.97,32.16,36.33,34.99,34.03,31.13,7.11,7.2,7.19,,,,0.3341,0.2333,-0.39176
2023-10-06,19.0473,12.298,25.8853,12.051,0.0088,1.9529838e+08,-0.0049,30.97,32.16,36.33,34.99,34.03,31.13,7.11,7.2,7.19,,,,0.3263,0.2189,-0.37752
2023-10-07,19.5655,14.9524,24.9712,10.8411,0.0011,1.9822458e+08,-0.0048,30.97,32.16,36.33,34.99,34.03,31.13,7.11,7.2,7.19,,,,0.3185,0.20450000000000002,-0.36328
2023-10-08,20.8512,13.4379,27.8936,8.4048,0.0027,1.9861323e+08,-0.0048,30.97,32.16,36.33,34.99,34.03,31.13,7.11,7.2,7.19,,,,0.3107,0.1901,-0.34904
2023-10-09,14.9843,10.9139,17.3733,8.1785,0.099,9.571663e+07,-0.0023,30.97,32.16,36.33,34.99,34.03,31.13,7.11,7.2,7.19,0.3029,0.1757,-0.3348,0.3029,0.1757,-0.3348
2023-10-10,16.4922,10.737,22.8411,7.8899,0.023,1.3753782e+08,-0.0029,30.97,32.16,36.33,34.99,34.03,31.13,7.11,7.2,7.19,,,,0.29768,0.17584,-0.34432
2023-10-11,15.683,12.7466,19.3576,6.5825,0.0235,1.521317e+08,-0.0027,30.97,32.16,36.33,34.99,34.03,31.13,7.11,7.2,7.19,,,,0.29246,0.17598,-0.35384
2023-10-12,16.5408,11.3609,22.7407,8.8292,0.0049,1.748176e+08,-0.003,30.97,32.16,36.33,34.99,34.03,31.13,7.11,7.2,7.19,,,,0.28724,0.17612,-0.36336
2023-10-13,17.7322,10.3217,24.9549,10.1047,0.0275,1.8762827e+08,-0.0034,30.97,32.16,36.33,34.99,34.03,31.13,7.11,7.2,7.19,,,,0.28202,0.17626,-0.37288
2023-10-14,18.1494,13.1919,25.0221,12.885,0.012,1.7966826e+08,-0.003,30.97,32.16,36.33,34.99,34.03,31.13,7.11,7.2,7.19,0.2768,0.1764,-0.3824,0.2768,0.1764,-0.3824
2023-10-15,18.6359,11.886,26.1172,11.9518,0.2521,1.7238411e+08,-0.0031,30.97,32.16,36.33,34.99,34.03,31.13,7.11,7.2,7.19,,,,0.27692,0.17258,-0.38426
2023-10-16,14.3385,11.076,16.7705,8.0008,12.9059,7.1591976e+07,-0.0079,30.97,32.16,36.33,34.99,34.03,31.13,7.11,7.2,7.19,,,,0.27704,0.16876,-0.38612
2023-10-17,14.6333,10.1539,18.9263,5.2685,2.3529,1.3445934e+08,-0.0029,30.97,32.16,36.33,34.99,34.03,31.13,7.11,7.2,7.19,,,,0.27715999999999996,0.16494,-0.38798
2023-10-18,14.1738,9.7851,18.2232,7.7302,9.8198,1.0089142e+08,-0.0089,30.97,32.16,36.33,34.99,34.03,31.13,7.11,7.2,7.19,,,,0.27727999999999997,0.16111999999999999,-0.38984
2023-10-19,14.8384,9.2028,21.0458,8.4951,0.4288,1.4378821e+08,-0.0033,30.97,32.16,36.33,34.99,34.03,31.13,7.11,7.2,7.19,0.2774,0.1573,-0.3917,0.2774,0.1573,-0.3917
2023-10-20,18.4928,12.8003,24.4867,13.3146,0.0501,1.58579e+08,-0.003,30.97,32.16,36.33,34.99,34.03,31.13,7.11,7.2,7.19,,,,0.26842,0.15506,-0.37648
2023-10-21,20.8964,16.126,28.34,14.9719,2.7174,1.6708083e+08,-0.0052,30.97,32.16,36.33,34.99,34.03,31.13,7.11,7.2,7.19,,,,0.25944,0.15282,-0.36125999999999997
2023-10-22,20.5145,14.9437,28.1126,13.8819,0.2761,1.4638557e+08,-0.0045,30.97,32.16,36.33,34.99,34.03,31.13,7.11,7.2,7.19,,,,0.25046,0.15058,-0.34604
2023-10-23,20.6692,15.8246,27.4216,13.5991,0.2095,1.4169482e+08,-0.0035,30.97,32.16,36.33,34.99,34.03,31.13,7.11,7.2,7.19,,,,0.24148,0.14834,-0.33082
2023-10-24,19.4967,14.0876,26.3145,13.5721,0.0575,1.5140184e+08,-0.0034,30.97,32.16,36.33,34.99,34.03,31.13,7.11,7.2,7.19,0.2325,0.1461,-0.3156,0.2325,0.1461,-0.3156
2023-10-25,19.539,14.9836,24.402,15.2497,0.3348,1.15208136e+08,-0.0026,30.97,32.16,36.33,34.99,34.03,31.13,7.11,7.2,7.19,,,,0.229,0.14418,-0.31204
2023-10-26,21.9515,18.7896,27.3518,14.533,5.3205,1.3572723e+08,-0.004,30.97,32.16,36.33,34.99,34.03,31.13,7.11,7.2,7.19,,,,0.2255,0.14226,-0.30848
2023-10-27,21.4866,18.4184,26.2346,15.9855,1.3202,1.2981111e+08,-0.0034,30.97,32.16,36.33,34.99,34.03,31.13,7.11,7.2,7.19,,,,0.222,0.14034000000000002,-0.30492
2023-10-28,22.0356,17.2085,27.7125,14.9662,0.0852,1.4820514e+08,-0.0033,30.97,32.16,36.33,34.99,34.03,31.13,7.11,7.2,7.19,,,,0.2185,0.13842000000000002,-0.30136
2023-10-29,19.6729,14.8364,25.1912,13.6003,0.499,1.30975256e+08,-0.0029,30.97,32.16,36.33,34.99,34.03,31.13,7.11,7.2,7.19,0.215,0.1365,-0.2978,0.215,0.1365,-0.2978
2023-10-30,18.87,15.0178,24.7763,14.1913,0.0657,1.3971827e+08,-0.0029,30.97,32.16,36.33,34.99,34.03,31.13,7.11,7.2,7.19,,,,0.20922,0.13876,-0.28174
2023-10-31,18.3164,13.2387,24.4361,13.8791,0.342,1.16347016e+08,-0.0023,30.97,32.16,36.33,34.99,34.03,31.13,7.11,7.2,7.19,,,,0.20343999999999998,0.14102,-0.26568
2023-11-01,19.1233,15.8661,23.9447,14.8217,7.6678,1.0945181e+08,-0.005,30.97,32.16,36.33,34.99,34.03,31.13,7.11,7.2,7.19,,,,0.19766,0.14328,-0.24962
2023-11-02,16.5329,12.7914,20.0604,14.7688,206.85,6.38376e+07,-0.0121,30.97,32.16,36.33,34.99,34.03,31.13,7.11,7.2,7.19,,,,0.19188,0.14554,-0.23356
2023-11-03,18.5646,12.6541,23.6048,14.2735,15.8181,1.0182261e+08,-0.0123,30.97,32.16,36.33,34.99,34.03,31.13,7.11,7.2,7.19,0.1861,0.1478,-0.2175,0.1861,0.1478,-0.2175
2023-11-04,21.5131,16.2825,28.1222,13.5029,55.215,1.2325609e+08,-0.0175,30.97,32.16,36.33,34.99,34.03,31.13,7.11,7.2,7.19,,,,0.18503999999999998,0.1444,-0.22112
2023-11-05,18.2067,13.6018,22.4216,11.311,7.4848,1.4003378e+08,-0.0158,30.97,32.16,36.33,34.99,34.03,31.13,7.11,7.2,7.19,,,,0.18397999999999998,0.141,-0.22474
2023-11-06,19.5485,13.8008,25.0392,13.3685,0.2402,1.3201134e+08,-0.0148,30.97,32.16,36.33,34.99,34.03,31.13,7.11,7.2,7.19,,,,0.18292,0.1376,-0.22836
2023-11-07,17.2881,12.4032,23.4844,13.6781,0.0314,1.3330369e+08,-0.0112,30.97,32.16,36.33,34.99,34.03,31.13,7.11,7.2,7.19,,,,0.18186,0.13419999999999999,-0.23198
2023-11-08,17.7459,13.2909,23.391,13.9406,0.8431,1.1697757e+08,-0.0103,30.97,32.16,36.33,34.99,34.03,31.13,7.11,7.2,7.19,0.1808,0.1308,-0.2356,0.1808,0.1308,-0.2356
2023-11-09,13.1522,9.7527,16.8791,6.3753,10.6309,1.319374e+08,-0.0165,30.97,32.16,36.33,34.99,34.03,31.13,7.11,7.2,7.19,,,,0.1859025,0.132235,-0.2402675
2023-11-10,13.3815,8.8452,18.0167,8.908,2.5813,9.097241e+07,-0.0077,30.97,32.16,36.33,34.99,34.03,31.13,7.11,7.2,7.19,,,,0.19100499999999998,0.13367,-0.244935
2023-11-11,16.8066,12.7497,19.3672,12.6166,116.5866,7.3054776e+07,-0.015,30.97,32.16,36.33,34.99,34.03,31.13,7.11,7.2,7.19,,,,0.1961075,0.135105,-0.2496025
2023-11-12,13.8762,9.3112,18.4367,5.2212,9.1988,1.2271828e+08,-0.0131,30.97,32.16,36.33,34.99,34.03,31.13,7.11,7.2,7.19,,,,0.20121,0.13654,-0.25427
2023-11-13,11.1996,6.092,13.4202,9.1332,368.0889,2.271245e+07,-0.0121,30.97,32.16,36.33,34.99,34.03,31.13,7.11,7.2,7.19,,,,0.2063125,0.13797500000000001,-0.2589375
2023-11-14,11.1893,4.8645,17.121,7.6836,21.4691,1.1799775e+08,-0.0116,30.97,32.16,36.33,34.99,34.03,31.13,7.11,7.2,7.19,,,,0.211415,0.13941,-0.263605
2023-11-15,15.88,11.6911,20.5732,12.199,1.6875,8.61424e+07,-0.0115,30.97,32.16,36.33,34.99,34.03,31.13,7.11,7.2,7.19,,,,0.2165175,0.140845,-0.2682725
2023-11-16,12.1143,7.1759,15.983,5.8793,76.3956,1.2091503e+08,-0.0198,30.97,32.16,36.33,34.99,34.03,31.13,7.11,7.2,7.19,,,,0.22161999999999998,0.14228,-0.27294
2023-11-17,11.5137,5.1117,16.3226,7.4889,9.2215,8.522912e+07,-0.0097,30.97,32.16,36.33,34.99,34.03,31.13,7.11,7.2,7.19,,,,0.2267225,0.143715,-0.2776075
2023-11-18,8.239,3.5084,12.8483,4.9571,649.2264,2.6513926e+07,-0.0196,30.97,32.16,36.33,34.99,34.03,31.13,7.11,7.2,7.19,,,,0.231825,0.14515,-0.282275
2023-11-19,4.7578,2.5474,8.4054,-0.1484,270.5538,4.840496e+07,-0.0237,30.97,32.16,36.33,34.99,34.03,31.13,7.11,7.2,7.19,,,,0.2369275,0.146585,-0.2869425
2023-11-20,7.9891,3.0358,14.208,4.2491,11.0485,8.2875944e+07,-0.0078,30.97,32.16,36.33,34.99,34.03,31.13,7.11,7.2,7.19,,,,0.24203,0.14801999999999998,-0.29161
2023-11-21,11.2666,5.5029,16.3598,8.4296,0.341,9.712654e+07,-0.0073,30.97,32.16,36.33,34.99,34.03,31.13,7.11,7.2,7.19,,,,0.2471325,0.149455,-0.29627749999999997
2023-11-22,15.0732,11.7996,18.617,13.063,190.4451,5.4396576e+07,-0.0088,30.97,32.16,36.33,34.99,34.03,31.13,7.11,7.2,7.19,,,,0.252235,0.15089,-0.300945
2023-11-23,11.894,10.6762,13.2364,8.9034,45.8922,3.670229e+07,-0.0143,30.97,32.16,36.33,34.99,34.03,31.13,7.11,7.2,7.19,,,,0.2573375,0.152325,-0.3056125
2023-11-24,13.9431,10.4021,17.5869,11.1508,3.2918,6.1449744e+07,-0.0093,30.97,32.16,36.33,34.99,34.03,31.13,7.11,7.2,7.19,,,,0.26244,0.15376,-0.31028
2023-11-25,14.4831,13.2161,16.2757,12.0335,197.6813,5.6304344e+07,-0.0215,30.97,32.16,36.33,34.99,34.03,31.13,7.11,7.2,7.19,,,,0.2675425,0.155195,-0.3149475
2023-11-26,3.9606,0.7376,13.09,-2.0486,94.7201,5.9599016e+07,-0.0213,30.97,32.16,36.33,34.99,34.03,31.13,7.11,7.2,7.19,,,,0.272645,0.15663,-0.319615
2023-11-27,2.8527,0.6577,6.5619,-6.1217,3.5519,1.1365002e+08,-0.0138,30.97,32.16,36.33,34.99,34.03,31.13,7.11,7.2,7.19,,,,0.27774750000000004,0.158065,-0.32428250000000003
2023-11-28,8.6425,1.2203,15.077,5.7597,55.2908,5.313335e+07,-0.0112,30.97,32.16,36.33,34.99,34.03,31.13,7.11,7.2,7.19,,,,0.28285000000000005,0.1595,-0.32894999999999996
2023-11-29,13.6588,8.6481,16.9695,10.7149,32.7891,9.137236e+07,-0.0173,30.97,32.16,36.33,34.99,34.03,31.13,7.11,7.2,7.19,,,,0.2879525,0.160935,-0.3336175
2023-11-30,9.0774,6.8726,12.1651,5.3891,2.8928,9.29907e+07,-0.0137,30.97,32.16,36.33,34.99,34.03,31.13,7.11,7.2,7.19,,,,0.293055,0.16237000000000001,-0.338285
2023-12-01,14.8304,9.909,18.9192,11.2538,0.0306,9.389752e+07,-0.012,30.97,32.16,36.33,34.99,34.03,31.13,7.11,7.2,7.19,,,,0.2981575,0.163805,-0.3429525
2023-12-02,17.2435,15.1798,20.3146,12.8955,0.0567,9.500561e+07,-0.0137,30.97,32.16,36.33,34.99,34.03,31.13,7.11,7.2,7.19,,,,0.30326000000000003,0.16524,-0.34762
2023-12-03,16.6259,8.9,20.3852,11.9056,39.7815,8.859302e+07,-0.0159,30.97,32.16,36.33,34.99,34.03,31.13,7.11,7.2,7.19,,,,0.3083625,0.16667500000000002,-0.3522875
2023-12-04,6.3291,4.9201,8.2639,3.9944,222.3235,1.8945916e+07,-0.0215,30.97,32.16,36.33,34.99,34.03,31.13,7.11,7.2,7.19,,,,0.313465,0.16811,-0.356955
2023-12-05,8.8459,7.0409,10.4614,5.1577,11.8828,2.4240586e+07,-0.0062,30.97,32.16,36.33,34.99,34.03,31.13,7.11,7.2,7.19,,,,0.3185675,0.169545,-0.36162249999999996
2023-12-06,8.8884,7.3656,10.7768,6.5493,47.4701,3.2325474e+07,-0.0069,30.97,32.16,36.33,34.99,34.03,31.13,7.11,7.2,7.19,,,,0.32367,0.17098,-0.36629
2023-12-07,8.0578,5.6127,10.8268,6.2969,15.7869,4.0607524e+07,-0.0078,30.97,32.16,36.33,34.99,34.03,31.13,7.11,7.2,7.19,,,,0.3287725,0.17241499999999998,-0.3709575
2023-12-08,3.9521,1.9747,5.2435,1.1346,51.9166,2.96944e+07,-0.0175,30.97,32.16,36.33,34.99,34.03,31.13,7.11,7.2,7.19,,,,0.33387500000000003,0.17385,-0.375625
2023-12-09,2.9145,1.2536,5.2644,0.0862,40.6006,4.547585e+07,-0.0125,30.97,32.16,36.33,34.99,34.03,31.13,7.11,7.2,7.19,,,,0.33897750000000004,0.175285,-0.38029250000000003
2023-12-10,5.2203,1.6191,8.8134,3.1394,2.1083,3.996477e+07,-0.005,30.97,32.16,36.33,34.99,34.03,31.13,7.11,7.2,7.19,,,,0.34408000000000005,0.17672,-0.38495999999999997
2023-12-11,6.0196,2.4026,10.9283,3.4214,0.0416,8.6595944e+07,-0.0072,30.97,32.16,36.33,34.99,34.03,31.13,7.11,7.2,7.19,,,,0.34918250000000006,0.178155,-0.3896275
2023-12-12,6.3331,1.8382,11.7549,4.7946,1.6296,7.072297e+07,-0.0055,30.97,32.16,36.33,34.99,34.03,31.13,7.11,7.2,7.19,,,,0.354285,0.17959,-0.394295
2023-12-13,7.7167,0.981,12.7957,5.6426,0.4114,7.584538e+07,-0.0061,30.97,32.16,36.33,34.99,34.03,31.13,7.11,7.2,7.19,,,,0.3593875,0.181025,-0.3989625
2023-12-14,15.6648,12.8332,18.1154,12.979,12.9016,4.8888176e+07,-0.0066,30.97,32.16,36.33,34.99,34.03,31.13,7.11,7.2,7.19,,,,0.36449000000000004,0.18246,-0.40363
2023-12-15,9.6291,6.5711,15.8899,7.8896,173.7524,1.4575554e+07,-0.0133,30.97,32.16,36.33,34.99,34.03,31.13,7.11,7.2,7.19,,,,0.3695925,0.183895,-0.4082975
2023-12-16,4.9672,3.407,6.531,3.206,178.0582,1.08385e+07,-0.025,30.97,32.16,36.33,34.99,34.03,31.13,7.11,7.2,7.19,,,,0.374695,0.18533,-0.412965
2023-12-17,3.3458,-0.6977,7.0967,-0.367,13.0406,6.985e+07,-0.0124,30.97,32.16,36.33,34.99,34.03,31.13,7.11,7.2,7.19,,,,0.3797975,0.18676500000000001,-0.41763249999999996
2023-12-18,3.3013,-1.863,9.249,-0.0508,0.0664,9.595761e+07,-0.0077,30.97,32.16,36.33,34.99,34.03,31.13,7.11,7.2,7.19,0.3849,0.1882,-0.4223,0.3849,0.1882,-0.4223
2023-12-19,5.2903,-0.2167,12.1616,1.9376,0.0017,1.0020016e+08,-0.0072,30.97,32.16,36.33,34.99,34.03,31.13,7.11,7.2,7.19,,,,0.39002000000000003,0.19169,-0.42642
2023-12-20,6.2693,0.4004,11.8761,4.8135,0.5423,8.426645e+07,-0.0055,30.97,32.16,36.33,34.99,34.03,31.13,7.11,7.2,7.19,,,,0.39514,0.19518,-0.43054000000000003
2023-12-21,8.9651,5.2476,12.1197,7.1,7.1464,5.891588e+07,-0.0046,30.97,32.16,36.33,34.99,34.03,31.13,7.11,7.2,7.19,,,,0.40026,0.19867,-0.43466
2023-12-22,7.6148,4.0108,12.4466,5.275,13.0259,4.7371644e+07,-0.0056,30.97,32.16,36.33,34.99,34.03,31.13,7.11,7.2,7.19,,,,0.40538,0.20216,-0.43878
2023-12-23,7.53,1.1527,14.3908,1.8303,2.4975,8.495259e+07,-0.012,30.97,32.16,36.33,34.99,34.03,31.13,7.11,7.2,7.19,,,,0.4105,0.20565,-0.4429
2023-12-24,10.6747,7.1797,15.8438,4.0803,0.1536,9.648656e+07,-0.0152,30.97,32.16,36.33,34.99,34.03,31.13,7.11,7.2,7.19,,,,0.41562,0.20914,-0.44702000000000003
2023-12-25,12.3226,7.8445,17.5916,10.1871,0.0062,9.4824984e+07,-0.0066,30.97,32.16,36.33,34.99,34.03,31.13,7.11,7.2,7.19,,,,0.42074,0.21262999999999999,-0.45114000000000004
2023-12-26,13.7288,11.1039,17.6723,11.4351,0.0683,8.080114e+07,-0.0066,30.97,32.16,36.33,34.99,34.03,31.13,7.11,7.2,7.19,,,,0.42586,0.21612,-0.45526
2023-12-27,11.0661,5.0339,15.743,7.9229,0.0296,9.236924e+07,-0.0084,30.97,32.16,36.33,34.99,34.03,31.13,7.11,7.2,7.19,,,,0.43098,0.21961,-0.45938
2023-12-28,7.7149,2.9118,13.7706,4.3135,0.0019,1.0252211e+08,-0.0086,30.97,32.16,36.33,34.99,34.03,31.13,7.11,7.2,7.19,0.4361,0.2231,-0.4635,0.4361,0.2231,-0.4635
2023-12-29,7.4058,2.5219,13.5781,5.971,0.0619,9.46331e+07,-0.0069,30.97,32.16,36.33,34.99,34.03,31.13,7.11,7.2,7.19,,,,0.4361,0.2231,-0.4635
2023-12-30,9.3008,6.4173,12.5663,8.5318,1.0311,4.2885884e+07,-0.0029,30.97,32.16,36.33,34.99,34.03,31.13,7.11,7.2,7.19,,,,0.4361,0.2231,-0.4635
2023-12-31,9.1886,4.8,14.0497,7.1489,0.3153,7.496757e+07,-0.0065,30.97,32.16,36.33,34.99,34.03,31.13,7.11,7.2,7.19,,,,0.4361,0.2231,-0.4635
