year,crop,ndvi_max,ndvi_mean,ndvi_integral,ndvi_flowering,ndvi_grain_fill,greenness_days,gdd_cum_season,tp_season_sum,ndwi_min_flowering,t2m_max_flowering_mean,season_start,season_end,n_days_in_window,il,yield_kg_da,has_features,yield_pred_loocv,abs_error
2017,aycicegi_yaglik,0.56625,0.4216346311475409,77.1591375,0.4464429032258064,0.3793483870967742,0,1986.2743000000005,3771.1993,-0.5131,26.88759354838709,2017-04-01,2017-09-30,183,Edirne,243.0,True,254.2604903293953,11.26049032939531
2017,aycicegi_yaglik,0.56625,0.4216346311475409,77.1591375,0.4464429032258064,0.3793483870967742,0,1986.2743000000005,3771.1993,-0.5131,26.88759354838709,2017-04-01,2017-09-30,183,Kırklareli,248.0,True,265.8226323418651,17.822632341865074
2017,aycicegi_yaglik,0.56625,0.4216346311475409,77.1591375,0.4464429032258064,0.3793483870967742,0,1986.2743000000005,3771.1993,-0.5131,26.88759354838709,2017-04-01,2017-09-30,183,Tekirdağ,235.0,True,222.79826832400758,12.20173167599242
2018,aycicegi_yaglik,0.5986,0.4512697723132967,82.5823683333333,0.456741935483871,0.4316612903225805,0,2185.40285,3896.6129,-0.4984999999999999,26.88771935483871,2018-04-01,2018-09-30,183,Edirne,248.0,True,252.91177918124495,4.9117791812449525
2018,aycicegi_yaglik,0.5986,0.4512697723132967,82.5823683333333,0.456741935483871,0.4316612903225805,0,2185.40285,3896.6129,-0.4984999999999999,26.88771935483871,2018-04-01,2018-09-30,183,Kırklareli,258.0,True,261.5210740673486,3.521074067348593
2018,aycicegi_yaglik,0.5986,0.4512697723132967,82.5823683333333,0.456741935483871,0.4316612903225805,0,2185.40285,3896.6129,-0.4984999999999999,26.88771935483871,2018-04-01,2018-09-30,183,Tekirdağ,235.0,True,224.34878999720152,10.651210002798479
2019,aycicegi_yaglik,0.55845,0.4221590710382513,77.25510999999999,0.4724372580645161,0.3261322580645161,0,2080.52805,3635.5363,-0.5218499999999999,26.307780645161287,2019-04-01,2019-09-30,183,Edirne,263.0,True,272.18158922551385,9.181589225513846
2019,aycicegi_yaglik,0.55845,0.4221590710382513,77.25510999999999,0.4724372580645161,0.3261322580645161,0,2080.52805,3635.5363,-0.5218499999999999,26.307780645161287,2019-04-01,2019-09-30,183,Kırklareli,285.0,True,275.49449178432917,9.50550821567083
2019,aycicegi_yaglik,0.55845,0.4221590710382513,77.25510999999999,0.4724372580645161,0.3261322580645161,0,2080.52805,3635.5363,-0.5218499999999999,26.307780645161287,2019-04-01,2019-09-30,183,Tekirdağ,251.0,True,244.56215154343272,6.437848456567281
2020,aycicegi_yaglik,0.6363,0.4338958196721311,79.402935,0.4166677419354838,0.3157948387096774,14,2072.34965,3727.3002,-0.49955,26.44062580645161,2020-04-01,2020-09-30,183,Edirne,264.0,True,272.76434522384454,8.764345223844543
2020,aycicegi_yaglik,0.6363,0.4338958196721311,79.402935,0.4166677419354838,0.3157948387096774,14,2072.34965,3727.3002,-0.49955,26.44062580645161,2020-04-01,2020-09-30,183,Kırklareli,291.0,True,273.3989721932831,17.6010278067169
2020,aycicegi_yaglik,0.6363,0.4338958196721311,79.402935,0.4166677419354838,0.3157948387096774,14,2072.34965,3727.3002,-0.49955,26.44062580645161,2020-04-01,2020-09-30,183,Tekirdağ,248.0,True,246.79328579144118,1.2067142085588216
2021,aycicegi_yaglik,0.56525,0.4178288524590164,76.46268,0.5201733870967742,0.33996,0,2048.96525,3712.5174,-0.5684,27.882332258064512,2021-04-01,2021-09-30,183,Edirne,266.0,True,246.33041646969923,19.66958353030077
2021,aycicegi_yaglik,0.56525,0.4178288524590164,76.46268,0.5201733870967742,0.33996,0,2048.96525,3712.5174,-0.5684,27.882332258064512,2021-04-01,2021-09-30,183,Kırklareli,248.0,True,270.60185183513994,22.60185183513994
2021,aycicegi_yaglik,0.56525,0.4178288524590164,76.46268,0.5201733870967742,0.33996,0,2048.96525,3712.5174,-0.5684,27.882332258064512,2021-04-01,2021-09-30,183,Tekirdağ,240.0,True,225.3806341211022,14.61936587889781
2022,aycicegi_yaglik,0.61895,0.421772131147541,77.1843,0.3717322580645162,0.1994485483870967,13,2083.8636,3212.5709000000006,-0.4842499999999999,27.007596774193555,2022-04-01,2022-09-30,183,Edirne,259.0,True,220.03942274911927,38.96057725088073
2022,aycicegi_yaglik,0.61895,0.421772131147541,77.1843,0.3717322580645162,0.1994485483870967,13,2083.8636,3212.5709000000006,-0.4842499999999999,27.007596774193555,2022-04-01,2022-09-30,183,Kırklareli,235.0,True,246.6537733031105,11.653773303110512
2022,aycicegi_yaglik,0.61895,0.421772131147541,77.1843,0.3717322580645162,0.1994485483870967,13,2083.8636,3212.5709000000006,-0.4842499999999999,27.007596774193555,2022-04-01,2022-09-30,183,Tekirdağ,196.0,True,218.5214374234927,22.5214374234927
2023,aycicegi_yaglik,0.5642,0.4330194262295082,79.242555,0.4419548387096774,0.3243116129032258,0,2112.86925,3245.1041,-0.5386,29.39332258064517,2023-04-01,2023-09-30,183,Edirne,199.0,True,164.31603753128925,34.683962468710746
2023,aycicegi_yaglik,0.5642,0.4330194262295082,79.242555,0.4419548387096774,0.3243116129032258,0,2112.86925,3245.1041,-0.5386,29.39332258064517,2023-04-01,2023-09-30,183,Kırklareli,195.0,True,181.39038943493063,13.609610565069374
2023,aycicegi_yaglik,0.5642,0.4330194262295082,79.242555,0.4419548387096774,0.3243116129032258,0,2112.86925,3245.1041,-0.5386,29.39332258064517,2023-04-01,2023-09-30,183,Tekirdağ,115.0,True,178.6265614238522,63.626561423852195
2024,aycicegi_yaglik,0.6728000000000001,0.413538087431694,75.67747,0.3081964516129032,0.2692945161290321,39,2301.745,3816.7958,-0.45501,29.135554838709684,2024-04-01,2024-09-30,183,Edirne,137.0,True,198.47155367316398,61.47155367316398
2024,aycicegi_yaglik,0.6728000000000001,0.413538087431694,75.67747,0.3081964516129032,0.2692945161290321,39,2301.745,3816.7958,-0.45501,29.135554838709684,2024-04-01,2024-09-30,183,Kırklareli,194.0,True,174.38977753544822,19.610222464551782
2024,aycicegi_yaglik,0.6728000000000001,0.413538087431694,75.67747,0.3081964516129032,0.2692945161290321,39,2301.745,3816.7958,-0.45501,29.135554838709684,2024-04-01,2024-09-30,183,Tekirdağ,172.0,True,135.644101753251,36.35589824674901
