ilce_id,ilce,il,year,verim_kg_da,gdd_cum_season,gdd_flowering,vernalization_days,tp_season_sum,tp_winter_sum,tp_flowering,tp_grain_fill,aridity_index,heat_stress_days,t2m_flowering_mean,t2m_flowering_max,tdiff_mean,ssr_flowering_sum,ssr_season_sum
1163,Babaeski,Kırklareli,2017,223.0,2428.81,553.2599999999999,0,273.97,,59.83,12.01,0.1916481994462084,39,25.58129032258065,33.62580645161291,14.356775956284151,802.7799999999997,4059.79
1163,Babaeski,Kırklareli,2018,279.0,2519.59,541.5949999999999,0,258.65,,79.18,1.89,0.1945084466611531,42,25.350000000000005,31.60258064516129,13.068852459016396,740.6800000000001,4002.06
1163,Babaeski,Kırklareli,2019,278.0,2482.7200000000003,544.5500000000001,0,230.70000000000005,,45.38,31.68,0.1655446088164147,44,25.515483870967746,33.28645161290322,14.009344262295082,764.9699999999999,3977.57
1163,Babaeski,Kırklareli,2020,300.0,2469.95,572.3299999999999,0,229.11,,1.84,7.41,0.1596645713575631,54,26.26612903225806,34.483548387096775,14.179945355191258,860.68,4106.630000000001
1163,Babaeski,Kırklareli,2021,282.0,2390.16,599.15,0,220.56,,14.4,13.81,0.166668432710007,55,27.134516129032253,35.18,13.302240437158469,819.3400000000001,3896.35
1163,Babaeski,Kırklareli,2022,313.0,2495.07,581.8800000000001,0,221.16,,20.27,46.8,0.1556284782323186,50,26.649677419354838,34.76258064516129,14.103169398907104,833.4399999999999,4065.29
1163,Babaeski,Kırklareli,2023,192.0,2558.1450000000004,630.4299999999998,0,218.67,,19.77,10.48,0.1602755519781737,57,28.345161290322583,36.51870967741936,13.636120218579237,833.3900000000002,3850.99
1163,Babaeski,Kırklareli,2024,225.0,2786.885,648.5999999999999,0,172.17,,20.090000000000003,10.34,0.1138738987891553,58,28.8141935483871,36.67161290322581,14.260928961748634,805.9199999999998,4080.68
1250,Çerkezköy,Tekirdağ,2017,244.0,2154.745,493.51499999999993,0,305.87000000000006,,69.3,26.84,0.3013912998239427,7,23.69322580645161,28.41838709677419,8.890382513661203,765.2900000000002,3863.42
1250,Çerkezköy,Tekirdağ,2018,210.0,2344.51,520.8,0,321.81000000000006,,83.59,3.86,0.3370030294850312,1,24.61483870967742,28.843225806451613,7.870710382513661,760.83,3806.11
1250,Çerkezköy,Tekirdağ,2019,250.0,2236.675,486.3850000000001,0,234.3,,58.97,33.04,0.2355686366684858,3,23.52645161290323,28.098064516129035,8.29224043715847,743.0199999999999,3865.42
1250,Çerkezköy,Tekirdağ,2020,245.0,2211.53,497.5299999999999,0,202.31,,4.930000000000001,9.72,0.1978728792012617,2,23.88677419354839,28.284838709677423,8.529617486338799,803.9700000000001,3954.750000000001
1250,Çerkezköy,Tekirdağ,2021,220.0,2187.8100000000004,536.8900000000001,0,222.63,,17.92,13.039999999999996,0.2250211585791207,16,25.12967741935484,29.785806451612903,8.39415300546448,772.84,3821.6
1250,Çerkezköy,Tekirdağ,2022,163.0,2219.985,493.715,0,250.24,,46.67,45.26,0.2428148439383689,3,23.731612903225805,28.196451612903232,8.666721311475408,826.1899999999999,3973.69
1250,Çerkezköy,Tekirdağ,2023,105.0,2286.835,554.205,0,206.85,,12.63,7.15,0.2119627564773014,17,25.791612903225808,31.065483870967743,8.205956284153006,809.2,3725.74
1250,Çerkezköy,Tekirdağ,2024,140.0,2496.9,574.9400000000002,0,172.32,,17.54,7.75,0.1610404928307287,14,26.32258064516129,30.92419354838709,8.491147540983608,774.4100000000002,3954.74
1258,Çorlu,Tekirdağ,2017,234.0,2367.565,537.8,0,234.37,,44.31,17.209999999999997,0.1910669321269303,25,25.10129032258065,31.197741935483872,10.87431693989071,802.7799999999997,4059.79
1258,Çorlu,Tekirdağ,2018,220.0,2524.53,557.21,0,272.72,,79.53,1.01,0.2364984417699735,15,25.91161290322581,30.81548387096775,9.810601092896176,740.6800000000001,4002.06
1258,Çorlu,Tekirdağ,2019,235.0,2419.735,520.565,0,172.78,,31.85,19.75,0.1463891883627011,22,24.761612903225803,30.46806451612904,10.292950819672132,764.9699999999999,3977.57
1258,Çorlu,Tekirdağ,2020,267.0,2400.71,535.4399999999999,0,219.83,,7.03,10.909999999999998,0.1790530606936657,24,25.127096774193557,31.142258064516124,10.639562841530056,860.68,4106.630000000001
1258,Çorlu,Tekirdağ,2021,250.0,2382.5199999999995,577.4,0,211.36,,13.469999999999995,12.929999999999998,0.1844493398684364,34,26.508064516129032,32.46129032258064,10.046939890710384,819.3400000000001,3896.35
1258,Çorlu,Tekirdağ,2022,174.0,2436.91,533.1850000000001,0,193.1,,21.9,42.79,0.1586001923201454,22,25.059677419354845,30.976129032258065,10.63912568306011,833.4399999999999,4065.29
1258,Çorlu,Tekirdağ,2023,88.0,2486.13,603.845,0,186.24,,11.19,3.1899999999999995,0.1596350414261402,44,27.444193548387094,33.73064516129032,10.268415300546447,833.3900000000002,3850.99
1258,Çorlu,Tekirdağ,2024,160.0,2694.8700000000003,615.275,0,135.59,,7.81,5.0200000000000005,0.1057432703610228,47,27.701935483870965,33.66193548387097,10.677814207650274,805.9199999999998,4080.68
1295,Merkez,Edirne,2017,252.0,2400.0550000000003,550.7,0,278.05999999999995,,58.8,11.7,0.1970094465124196,42,25.526129032258066,33.60096774193548,14.345792349726777,775.2200000000001,4016.24
1295,Merkez,Edirne,2018,262.0,2478.4700000000003,527.24,0,255.97000000000003,,79.02000000000001,1.62,0.1917127138163484,38,24.903548387096777,30.955483870967743,13.20918032786885,733.86,4012.95
1295,Merkez,Edirne,2019,262.0,2444.41,540.6949999999999,0,249.86,,49.06,38.69,0.1798377745444139,44,25.4158064516129,33.05064516129032,14.052240437158472,756.7299999999999,3987.36
1295,Merkez,Edirne,2020,254.0,2437.1900000000005,570.1449999999999,0,232.21,,0.6900000000000001,5.71,0.1643408622039882,56,26.316129032258072,34.38032258064517,14.233551912568307,836.0299999999999,4054.02
1295,Merkez,Edirne,2021,258.0,2375.25,598.9699999999999,0,223.95,,14.43,13.18,0.1669580034955597,54,27.21903225806452,35.25774193548387,13.4903825136612,823.1500000000002,3943.41
1295,Merkez,Edirne,2022,250.0,2475.5550000000003,585.2600000000001,0,230.32,,22.35,52.86000000000001,0.1622056771806218,49,26.874838709677416,34.89290322580646,14.071912568306008,831.5500000000002,4073.07
1295,Merkez,Edirne,2023,202.0,2509.65,629.6449999999999,0,222.94,,21.450000000000003,12.349999999999998,0.166507560570836,55,28.30967741935484,36.32774193548387,13.614590163934428,808.1800000000001,3806.9699999999993
1295,Merkez,Edirne,2024,123.0,2781.3,639.84,0,184.0,,23.96,12.02,0.1225132004475646,56,28.700645161290325,36.40741935483871,14.36863387978142,779.2800000000002,4035.940000000001
1307,Enez,Edirne,2017,256.0,2512.3,555.5749999999999,0,160.38,,31.68,6.6,0.1502766983184117,13,25.80258064516129,29.98451612903226,7.314426229508195,819.4899999999999,4238.02
1307,Enez,Edirne,2018,276.0,2664.84,573.1500000000001,0,198.28,,56.56,0.17,0.1943268895427443,0,26.562903225806448,29.557741935483868,6.832240437158468,798.4799999999999,4150.03
1307,Enez,Edirne,2019,282.0,2557.26,542.53,0,175.67000000000002,,35.38,11.73,0.1680550582871994,10,25.52612903225806,29.41354838709677,6.953442622950819,824.9899999999999,4212.64
1307,Enez,Edirne,2020,292.0,2505.085,556.035,0,177.70999999999998,,2.72,5.619999999999998,0.1659613397629723,15,25.85967741935484,30.2858064516129,7.215573770491804,878.3400000000001,4285.5
1307,Enez,Edirne,2021,202.0,2523.885,591.835,0,202.38,,6.430000000000001,6.0,0.1999666781704514,19,27.08096774193549,31.023870967741928,6.549125683060111,852.5899999999999,4231.27
1307,Enez,Edirne,2022,195.0,2538.4350000000004,552.26,0,192.88,,20.98,78.08,0.1820536449611694,8,25.737419354838707,30.04290322580645,7.119071038251366,846.59,4259.530000000001
1307,Enez,Edirne,2023,157.0,2548.4450000000006,604.4449999999999,0,149.02,,10.38,1.16,0.1502411724007007,19,27.56032258064516,31.494516129032256,6.963333333333333,852.4700000000001,3944.62
1307,Enez,Edirne,2024,130.0,2806.3099999999995,626.4150000000001,0,127.25,,4.85,3.9,0.1143037994467491,28,28.236451612903227,32.32741935483871,7.255628415300545,821.7900000000001,4235.79
1385,Havsa,Edirne,2017,259.0,2428.81,553.2599999999999,0,273.97,,59.83,12.01,0.1938683738695647,39,25.58129032258065,33.62580645161291,14.356775956284151,775.2200000000001,4016.24
1385,Havsa,Edirne,2018,233.0,2519.59,541.5949999999999,0,258.65,,79.18,1.89,0.1942220122962503,42,25.350000000000005,31.60258064516129,13.068852459016396,733.86,4012.95
1385,Havsa,Edirne,2019,212.0,2482.7200000000003,544.5500000000001,0,230.70000000000005,,45.38,31.68,0.1655486325851696,44,25.515483870967746,33.28645161290322,14.009344262295082,756.7299999999999,3987.36
1385,Havsa,Edirne,2020,224.0,2469.95,572.3299999999999,0,229.11,,1.84,7.41,0.1622940337738141,54,26.26612903225806,34.483548387096775,14.179945355191258,836.0299999999999,4054.02
1385,Havsa,Edirne,2021,250.0,2390.16,599.15,0,220.56,,14.4,13.81,0.1653928520362352,55,27.134516129032253,35.18,13.302240437158469,823.1500000000002,3943.41
1385,Havsa,Edirne,2022,241.0,2495.07,581.8800000000001,0,221.16,,20.27,46.8,0.1558961648516955,50,26.649677419354838,34.76258064516129,14.103169398907104,831.5500000000002,4073.07
1385,Havsa,Edirne,2023,231.0,2558.1450000000004,630.4299999999998,0,218.67,,19.77,10.48,0.1624380392253557,57,28.345161290322583,36.51870967741936,13.636120218579237,808.1800000000001,3806.9699999999993
1385,Havsa,Edirne,2024,132.0,2786.885,648.5999999999999,0,172.17,,20.090000000000003,10.34,0.1155264255809047,58,28.8141935483871,36.67161290322581,14.260928961748634,779.2800000000002,4035.940000000001
1388,Hayrabolu,Tekirdağ,2017,239.0,2441.805,560.5649999999999,0,221.77,,43.46,10.46,0.1550423628175176,39,25.76838709677419,33.88483870967742,14.358688524590166,802.7799999999997,4059.79
1388,Hayrabolu,Tekirdağ,2018,250.0,2545.095,557.055,0,226.77,,69.7,0.3299999999999999,0.1698464814518727,46,25.848064516129032,32.31935483870968,13.023989071038253,740.6800000000001,4002.06
1388,Hayrabolu,Tekirdağ,2019,270.0,2469.15,538.27,0,200.81000000000003,,38.11000000000001,19.32,0.1454960574872206,46,25.375161290322584,33.07322580645161,13.799508196721307,764.9699999999999,3977.57
1388,Hayrabolu,Tekirdağ,2020,233.0,2460.79,568.9150000000001,0,200.93,,2.39,7.19,0.1407585106655526,54,26.134516129032257,34.33,14.056284153005466,860.68,4106.630000000001
1388,Hayrabolu,Tekirdağ,2021,230.0,2390.5150000000003,592.72,0,225.5,,9.85,9.75,0.1717859366235584,56,26.89838709677419,34.90161290322581,13.141475409836064,819.3400000000001,3896.35
1388,Hayrabolu,Tekirdağ,2022,193.0,2479.795,567.7499999999999,0,212.62,,16.509999999999998,65.92999999999999,0.1517249867373177,48,26.16741935483871,34.218709677419355,13.788688524590164,833.4399999999999,4065.29
1388,Hayrabolu,Tekirdağ,2023,113.0,2544.955,626.855,0,178.61,,15.98,4.839999999999999,0.1321483854050988,57,28.177419354838708,36.34838709677419,13.451639344262295,833.3900000000002,3850.99
1388,Hayrabolu,Tekirdağ,2024,181.0,2784.83,652.2099999999999,0,149.42,,9.589999999999998,6.890000000000001,0.0996070644436794,58,28.842903225806456,36.8158064516129,14.086120218579236,805.9199999999998,4080.68
1412,İpsala,Edirne,2017,217.0,2570.71,580.4749999999999,0,220.15,,43.63,9.56,0.1526146419219781,44,26.49838709677419,33.80838709677419,13.0568306010929,819.4899999999999,4238.02
1412,İpsala,Edirne,2018,266.0,2671.28,570.1750000000001,0,226.13,,69.61,0.38,0.1664935217026716,45,26.39967741935483,32.06677419354839,12.07289617486339,798.4799999999999,4150.03
1412,İpsala,Edirne,2019,267.0,2599.42,561.9200000000001,0,208.86,,40.73,21.92,0.146935876249813,45,26.165806451612895,33.171290322580646,12.637158469945357,824.9899999999999,4212.64
1412,İpsala,Edirne,2020,247.0,2581.635,593.505,0,201.61,,1.6700000000000002,6.57,0.1392244596138856,57,27.027741935483867,34.5116129032258,12.859508196721311,878.3400000000001,4285.5
1412,İpsala,Edirne,2021,214.0,2517.925,616.2550000000001,0,225.22,,9.25,9.93,0.1636811360217807,58,27.756129032258062,34.968709677419355,12.018087431693989,852.5899999999999,4231.27
1412,İpsala,Edirne,2022,252.0,2616.8150000000005,598.47,0,215.72000000000003,,16.08,69.1,0.1504300977775176,49,27.241612903225807,34.55483870967742,12.657158469945356,846.59,4259.530000000001
1412,İpsala,Edirne,2023,147.0,2654.1600000000003,642.575,0,179.13,,17.44,5.099999999999999,0.1331881026153303,56,28.74935483870968,35.95645161290323,12.400218579234972,852.4700000000001,3944.62
1412,İpsala,Edirne,2024,142.0,2925.3949999999995,671.4700000000001,0,153.26,,10.72,7.6,0.1011665949866576,59,29.594838709677425,36.66774193548388,12.926502732240436,821.7900000000001,4235.79
1464,Keşan,Edirne,2017,255.0,2441.805,560.5649999999999,0,221.77,,43.46,10.46,0.1494003660449384,39,25.76838709677419,33.88483870967742,14.358688524590166,819.4899999999999,4238.02
1464,Keşan,Edirne,2018,260.0,2545.095,557.055,0,226.77,,69.7,0.3299999999999999,0.1638104366468034,46,25.848064516129032,32.31935483870968,13.023989071038253,798.4799999999999,4150.03
1464,Keşan,Edirne,2019,257.0,2469.15,538.27,0,200.81000000000003,,38.11000000000001,19.32,0.1379018725717103,46,25.375161290322584,33.07322580645161,13.799508196721307,824.9899999999999,4212.64
1464,Keşan,Edirne,2020,249.0,2460.79,568.9150000000001,0,200.93,,2.39,7.19,0.1352908010262218,54,26.134516129032257,34.33,14.056284153005466,878.3400000000001,4285.5
1464,Keşan,Edirne,2021,279.0,2390.5150000000003,592.72,0,225.5,,9.85,9.75,0.1598148500073566,56,26.89838709677419,34.90161290322581,13.141475409836064,852.5899999999999,4231.27
1464,Keşan,Edirne,2022,268.0,2479.795,567.7499999999999,0,212.62,,16.509999999999998,65.92999999999999,0.145531644159199,48,26.16741935483871,34.218709677419355,13.788688524590164,846.59,4259.530000000001
1464,Keşan,Edirne,2023,189.0,2544.955,626.855,0,178.61,,15.98,4.839999999999999,0.1292855477769463,57,28.177419354838708,36.34838709677419,13.451639344262295,852.4700000000001,3944.62
1464,Keşan,Edirne,2024,156.0,2784.83,652.2099999999999,0,149.42,,9.589999999999998,6.890000000000001,0.0964033778690184,58,28.842903225806456,36.8158064516129,14.086120218579236,821.7900000000001,4235.79
1471,Merkez,Kırklareli,2017,275.0,2261.46,519.43,0,261.66,,58.78000000000001,14.99,0.1941431272962968,36,24.49,31.97967741935484,13.509562841530055,802.7799999999997,4059.79
1471,Merkez,Kırklareli,2018,243.0,2356.22,521.035,0,285.37,,78.63999999999999,2.19,0.2298265788395893,24,24.631290322580647,30.737741935483868,11.982295081967214,740.6800000000001,4002.06
1471,Merkez,Kırklareli,2019,265.0,2298.165,504.11,0,198.92,,44.63,21.82,0.1531839335010249,30,24.10483870967742,31.39032258064516,12.927650273224042,764.9699999999999,3977.57
1471,Merkez,Kırklareli,2020,289.0,2278.515,522.97,0,215.93,,4.739999999999999,12.22,0.1614530353613311,38,24.649999999999995,32.0116129032258,13.101857923497269,860.68,4106.630000000001
1471,Merkez,Kırklareli,2021,253.0,2237.3950000000004,563.8950000000001,0,206.01,,11.829999999999998,13.59,0.1642966434791755,41,25.92129032258065,33.38903225806452,12.52360655737705,819.3400000000001,3896.35
1471,Merkez,Kırklareli,2022,248.0,2320.665,526.665,0,210.33,,23.31,41.260000000000005,0.1578621166562173,37,24.70064516129032,32.17935483870968,13.253989071038252,833.4399999999999,4065.29
1471,Merkez,Kırklareli,2023,222.0,2391.5499999999997,591.8900000000001,0,199.97,,16.310000000000002,6.819999999999999,0.1560361337461483,49,27.013870967741934,34.958709677419364,12.695081967213111,833.3900000000002,3850.99
1471,Merkez,Kırklareli,2024,206.0,2586.33,609.485,0,155.78,,12.93,7.8,0.1108549471620676,53,27.39903225806451,34.8316129032258,13.20989071038251,805.9199999999998,4080.68
1480,Kofçaz,Kırklareli,2017,159.0,2174.99,504.68,0,275.76,,60.25000000000001,12.43,0.2023811268263068,33,23.98806451612904,31.798064516129028,13.95896174863388,802.7799999999997,4059.79
1480,Kofçaz,Kırklareli,2018,163.0,2241.25,490.39,0,272.22,,82.70000000000002,6.66,0.2163938580433227,15,23.65032258064516,29.617741935483878,12.674098360655735,740.6800000000001,4002.06
1480,Kofçaz,Kırklareli,2019,164.0,2220.045,495.275,0,264.59000000000003,,57.69,30.840000000000003,0.2005819096136309,35,23.814516129032253,31.416774193548385,13.568415300546448,764.9699999999999,3977.57
1480,Kofçaz,Kırklareli,2020,187.0,2199.2200000000003,516.35,0,222.24000000000004,,1.2600000000000002,9.409999999999998,0.1629114883429127,42,24.465483870967734,32.34322580645161,13.865245901639344,860.68,4106.630000000001
1480,Kofçaz,Kırklareli,2021,167.0,2136.745000000001,550.5699999999999,0,221.14,,15.11,15.349999999999998,0.1754109614897442,39,25.555806451612906,33.32354838709677,13.00639344262295,819.3400000000001,3896.35
1480,Kofçaz,Kırklareli,2022,128.0,2238.645,524.945,0,228.47,,22.26,36.11,0.1684730830212962,38,24.831612903225803,32.7983870967742,13.810109289617486,833.4399999999999,4065.29
1480,Kofçaz,Kırklareli,2023,122.0,2288.75,577.5200000000001,0,236.33,,27.96,16.21,0.182734021609545,47,26.589032258064517,34.62129032258064,13.219016393442626,833.3900000000002,3850.99
1480,Kofçaz,Kırklareli,2024,128.0,2511.435,590.1999999999999,0,205.8,,29.33,10.95,0.1428083307297693,48,26.976774193548387,34.6283870967742,13.9524043715847,805.9199999999998,4080.68
1502,Lalapaşa,Edirne,2017,197.0,2174.99,504.68,0,275.76,,60.25000000000001,12.43,0.2046178409219718,33,23.98806451612904,31.798064516129028,13.95896174863388,775.2200000000001,4016.24
1502,Lalapaşa,Edirne,2018,201.0,2241.25,490.39,0,272.22,,82.70000000000002,6.66,0.2161947974243695,15,23.65032258064516,29.617741935483878,12.674098360655735,733.86,4012.95
1502,Lalapaşa,Edirne,2019,201.0,2220.045,495.275,0,264.59000000000003,,57.69,30.840000000000003,0.2005514149786972,35,23.814516129032253,31.416774193548385,13.568415300546448,756.7299999999999,3987.36
1502,Lalapaşa,Edirne,2020,204.0,2199.2200000000003,516.35,0,222.24000000000004,,1.2600000000000002,9.409999999999998,0.1655822298631135,42,24.465483870967734,32.34322580645161,13.865245901639344,836.0299999999999,4054.02
1502,Lalapaşa,Edirne,2021,202.0,2136.745000000001,550.5699999999999,0,221.14,,15.11,15.349999999999998,0.1740803037262573,39,25.555806451612906,33.32354838709677,13.00639344262295,823.1500000000002,3943.41
1502,Lalapaşa,Edirne,2022,214.0,2238.645,524.945,0,228.47,,22.26,36.11,0.1687685994220398,38,24.831612903225803,32.7983870967742,13.810109289617486,831.5500000000002,4073.07
1502,Lalapaşa,Edirne,2023,261.0,2288.75,577.5200000000001,0,236.33,,27.96,16.21,0.1852171038486422,47,26.589032258064517,34.62129032258064,13.219016393442626,808.1800000000001,3806.9699999999993
1502,Lalapaşa,Edirne,2024,78.0,2511.435,590.1999999999999,0,205.8,,29.33,10.95,0.1448339241851887,48,26.976774193548387,34.6283870967742,13.9524043715847,779.2800000000002,4035.940000000001
1505,Lüleburgaz,Kırklareli,2023,188.0,2391.5499999999997,591.8900000000001,0,199.97,,16.310000000000002,6.819999999999999,0.1560361337461483,49,27.013870967741934,34.958709677419364,12.695081967213111,833.3900000000002,3850.99
1511,Malkara,Tekirdağ,2017,225.0,2441.805,560.5649999999999,0,221.77,,43.46,10.46,0.1494003660449384,39,25.76838709677419,33.88483870967742,14.358688524590166,819.4899999999999,4238.02
1511,Malkara,Tekirdağ,2018,241.0,2545.095,557.055,0,226.77,,69.7,0.3299999999999999,0.1638104366468034,46,25.848064516129032,32.31935483870968,13.023989071038253,798.4799999999999,4150.03
1511,Malkara,Tekirdağ,2019,250.0,2469.15,538.27,0,200.81000000000003,,38.11000000000001,19.32,0.1379018725717103,46,25.375161290322584,33.07322580645161,13.799508196721307,824.9899999999999,4212.64
1511,Malkara,Tekirdağ,2020,246.0,2460.79,568.9150000000001,0,200.93,,2.39,7.19,0.1352908010262218,54,26.134516129032257,34.33,14.056284153005466,878.3400000000001,4285.5
1511,Malkara,Tekirdağ,2021,240.0,2390.5150000000003,592.72,0,225.5,,9.85,9.75,0.1598148500073566,56,26.89838709677419,34.90161290322581,13.141475409836064,852.5899999999999,4231.27
1511,Malkara,Tekirdağ,2022,193.0,2479.795,567.7499999999999,0,212.62,,16.509999999999998,65.92999999999999,0.145531644159199,48,26.16741935483871,34.218709677419355,13.788688524590164,846.59,4259.530000000001
1511,Malkara,Tekirdağ,2023,149.0,2544.955,626.855,0,178.61,,15.98,4.839999999999999,0.1292855477769463,57,28.177419354838708,36.34838709677419,13.451639344262295,852.4700000000001,3944.62
1511,Malkara,Tekirdağ,2024,180.0,2784.83,652.2099999999999,0,149.42,,9.589999999999998,6.890000000000001,0.0964033778690184,58,28.842903225806456,36.8158064516129,14.086120218579236,821.7900000000001,4235.79
1523,Meriç,Edirne,2017,219.0,2570.71,580.4749999999999,0,220.15,,43.63,9.56,0.1602404355343485,44,26.49838709677419,33.80838709677419,13.0568306010929,775.2200000000001,4016.24
1523,Meriç,Edirne,2018,209.0,2671.28,570.1750000000001,0,226.13,,69.61,0.38,0.1721923885337207,45,26.39967741935483,32.06677419354839,12.07289617486339,733.86,4012.95
1523,Meriç,Edirne,2019,314.0,2599.42,561.9200000000001,0,208.86,,40.73,21.92,0.1549735490103613,45,26.165806451612895,33.171290322580646,12.637158469945357,756.7299999999999,3987.36
1523,Meriç,Edirne,2020,286.0,2581.635,593.505,0,201.61,,1.6700000000000002,6.57,0.1471202830453729,57,27.027741935483867,34.5116129032258,12.859508196721311,836.0299999999999,4054.02
1523,Meriç,Edirne,2021,313.0,2517.925,616.2550000000001,0,225.22,,9.25,9.93,0.1744703946278805,58,27.756129032258062,34.968709677419355,12.018087431693989,823.1500000000002,3943.41
1523,Meriç,Edirne,2022,352.0,2616.8150000000005,598.47,0,215.72000000000003,,16.08,69.1,0.157064513113862,49,27.241612903225807,34.55483870967742,12.657158469945356,831.5500000000002,4073.07
1523,Meriç,Edirne,2023,239.0,2654.1600000000003,642.575,0,179.13,,17.44,5.099999999999999,0.1378549009706583,56,28.74935483870968,35.95645161290323,12.400218579234972,808.1800000000001,3806.9699999999993
1523,Meriç,Edirne,2024,199.0,2925.3949999999995,671.4700000000001,0,153.26,,10.72,7.6,0.1059566744531507,59,29.594838709677425,36.66774193548388,12.926502732240436,779.2800000000002,4035.940000000001
1538,Muratlı,Tekirdağ,2017,263.0,2367.565,537.8,0,234.37,,44.31,17.209999999999997,0.1910669321269303,25,25.10129032258065,31.197741935483872,10.87431693989071,802.7799999999997,4059.79
1538,Muratlı,Tekirdağ,2018,241.0,2524.53,557.21,0,272.72,,79.53,1.01,0.2364984417699735,15,25.91161290322581,30.81548387096775,9.810601092896176,740.6800000000001,4002.06
1538,Muratlı,Tekirdağ,2019,251.0,2419.735,520.565,0,172.78,,31.85,19.75,0.1463891883627011,22,24.761612903225803,30.46806451612904,10.292950819672132,764.9699999999999,3977.57
1538,Muratlı,Tekirdağ,2020,288.0,2400.71,535.4399999999999,0,219.83,,7.03,10.909999999999998,0.1790530606936657,24,25.127096774193557,31.142258064516124,10.639562841530056,860.68,4106.630000000001
1538,Muratlı,Tekirdağ,2021,250.0,2382.5199999999995,577.4,0,211.36,,13.469999999999995,12.929999999999998,0.1844493398684364,34,26.508064516129032,32.46129032258064,10.046939890710384,819.3400000000001,3896.35
1538,Muratlı,Tekirdağ,2022,242.0,2436.91,533.1850000000001,0,193.1,,21.9,42.79,0.1586001923201454,22,25.059677419354845,30.976129032258065,10.63912568306011,833.4399999999999,4065.29
1538,Muratlı,Tekirdağ,2023,85.0,2486.13,603.845,0,186.24,,11.19,3.1899999999999995,0.1596350414261402,44,27.444193548387094,33.73064516129032,10.268415300546447,833.3900000000002,3850.99
1538,Muratlı,Tekirdağ,2024,170.0,2694.8700000000003,615.275,0,135.59,,7.81,5.0200000000000005,0.1057432703610228,47,27.701935483870965,33.66193548387097,10.677814207650274,805.9199999999998,4080.68
1572,Pehlivanköy,Kırklareli,2017,239.0,2428.81,553.2599999999999,0,273.97,,59.83,12.01,0.1916481994462084,39,25.58129032258065,33.62580645161291,14.356775956284151,802.7799999999997,4059.79
1572,Pehlivanköy,Kırklareli,2018,307.0,2519.59,541.5949999999999,0,258.65,,79.18,1.89,0.1945084466611531,42,25.350000000000005,31.60258064516129,13.068852459016396,740.6800000000001,4002.06
1572,Pehlivanköy,Kırklareli,2019,258.0,2482.7200000000003,544.5500000000001,0,230.70000000000005,,45.38,31.68,0.1655446088164147,44,25.515483870967746,33.28645161290322,14.009344262295082,764.9699999999999,3977.57
1572,Pehlivanköy,Kırklareli,2020,325.0,2469.95,572.3299999999999,0,229.11,,1.84,7.41,0.1596645713575631,54,26.26612903225806,34.483548387096775,14.179945355191258,860.68,4106.630000000001
1572,Pehlivanköy,Kırklareli,2021,306.0,2390.16,599.15,0,220.56,,14.4,13.81,0.166668432710007,55,27.134516129032253,35.18,13.302240437158469,819.3400000000001,3896.35
1572,Pehlivanköy,Kırklareli,2022,296.0,2495.07,581.8800000000001,0,221.16,,20.27,46.8,0.1556284782323186,50,26.649677419354838,34.76258064516129,14.103169398907104,833.4399999999999,4065.29
1572,Pehlivanköy,Kırklareli,2023,158.0,2558.1450000000004,630.4299999999998,0,218.67,,19.77,10.48,0.1602755519781737,57,28.345161290322583,36.51870967741936,13.636120218579237,833.3900000000002,3850.99
1572,Pehlivanköy,Kırklareli,2024,177.0,2786.885,648.5999999999999,0,172.17,,20.090000000000003,10.34,0.1138738987891553,58,28.8141935483871,36.67161290322581,14.260928961748634,805.9199999999998,4080.68
1577,Pınarhisar,Kırklareli,2017,292.0,2261.46,519.43,0,261.66,,58.78000000000001,14.99,0.1941431272962968,36,24.49,31.97967741935484,13.509562841530055,802.7799999999997,4059.79
1577,Pınarhisar,Kırklareli,2018,299.0,2356.22,521.035,0,285.37,,78.63999999999999,2.19,0.2298265788395893,24,24.631290322580647,30.737741935483868,11.982295081967214,740.6800000000001,4002.06
1577,Pınarhisar,Kırklareli,2019,300.0,2298.165,504.11,0,198.92,,44.63,21.82,0.1531839335010249,30,24.10483870967742,31.39032258064516,12.927650273224042,764.9699999999999,3977.57
1577,Pınarhisar,Kırklareli,2020,372.0,2278.515,522.97,0,215.93,,4.739999999999999,12.22,0.1614530353613311,38,24.649999999999995,32.0116129032258,13.101857923497269,860.68,4106.630000000001
1577,Pınarhisar,Kırklareli,2021,201.0,2237.3950000000004,563.8950000000001,0,206.01,,11.829999999999998,13.59,0.1642966434791755,41,25.92129032258065,33.38903225806452,12.52360655737705,819.3400000000001,3896.35
1577,Pınarhisar,Kırklareli,2022,194.0,2320.665,526.665,0,210.33,,23.31,41.260000000000005,0.1578621166562173,37,24.70064516129032,32.17935483870968,13.253989071038252,833.4399999999999,4065.29
1577,Pınarhisar,Kırklareli,2023,188.0,2391.5499999999997,591.8900000000001,0,199.97,,16.310000000000002,6.819999999999999,0.1560361337461483,49,27.013870967741934,34.958709677419364,12.695081967213111,833.3900000000002,3850.99
1577,Pınarhisar,Kırklareli,2024,182.0,2586.33,609.485,0,155.78,,12.93,7.8,0.1108549471620676,53,27.39903225806451,34.8316129032258,13.20989071038251,805.9199999999998,4080.68
1596,Saray,Tekirdağ,2017,226.0,2154.745,493.51499999999993,0,305.87000000000006,,69.3,26.84,0.287551329281771,7,23.69322580645161,28.41838709677419,8.890382513661203,802.7799999999997,4059.79
1596,Saray,Tekirdağ,2018,202.0,2344.51,520.8,0,321.81000000000006,,83.59,3.86,0.3221028646011596,1,24.61483870967742,28.843225806451613,7.870710382513661,740.6800000000001,4002.06
1596,Saray,Tekirdağ,2019,260.0,2236.675,486.3850000000001,0,234.3,,58.97,33.04,0.2291708094446501,3,23.52645161290323,28.098064516129035,8.29224043715847,764.9699999999999,3977.57
1596,Saray,Tekirdağ,2020,246.0,2211.53,497.5299999999999,0,202.31,,4.930000000000001,9.72,0.1907025505590629,2,23.88677419354839,28.284838709677423,8.529617486338799,860.68,4106.630000000001
1596,Saray,Tekirdağ,2021,229.0,2187.8100000000004,536.8900000000001,0,222.63,,17.92,13.039999999999996,0.2203120882107313,16,25.12967741935484,29.785806451612903,8.39415300546448,819.3400000000001,3896.35
1596,Saray,Tekirdağ,2022,202.0,2219.985,493.715,0,250.24,,46.67,45.26,0.2380051049554448,3,23.731612903225805,28.196451612903232,8.666721311475408,833.4399999999999,4065.29
1596,Saray,Tekirdağ,2023,108.0,2286.835,554.205,0,206.85,,12.63,7.15,0.2051258558918411,17,25.791612903225808,31.065483870967743,8.205956284153006,833.3900000000002,3850.99
1596,Saray,Tekirdağ,2024,160.0,2496.9,574.9400000000002,0,172.32,,17.54,7.75,0.1563823457621294,14,26.32258064516129,30.92419354838709,8.491147540983608,805.9199999999998,4080.68
1652,Şarköy,Tekirdağ,2017,205.0,2523.75,562.055,0,182.23,,32.160000000000004,22.41,0.1573149124813196,21,25.90935483870967,30.955806451612904,9.075737704918032,807.4400000000002,4114.55
1652,Şarköy,Tekirdağ,2018,260.0,2676.92,587.475,0,248.95,,53.28,0.1299999999999999,0.2287652250725306,10,26.95096774193549,31.02935483870968,8.236612021857924,801.0199999999999,3997.41
1652,Şarköy,Tekirdağ,2019,230.0,2558.365,546.355,0,132.20999999999998,,20.940000000000005,7.62,0.1167372390975571,19,25.655806451612904,30.170967741935485,8.58136612021858,807.42,4110.160000000001
1652,Şarköy,Tekirdağ,2020,245.0,2515.03,551.8200000000002,0,196.0,,6.32,9.65,0.170260737384969,12,25.770645161290325,30.451612903225808,8.752786885245904,860.5100000000001,4171.46
1652,Şarköy,Tekirdağ,2021,250.0,2525.77,591.6750000000001,0,196.44,,7.73,9.23,0.1771471142651135,34,27.08387096774194,31.815483870967743,8.272459016393443,821.25,4113.86
1652,Şarköy,Tekirdağ,2022,193.0,2559.56,547.1949999999999,0,153.44,,24.98,36.06,0.1321634511665523,14,25.582580645161293,30.31838709677419,8.838415300546448,852.8000000000001,4190.539999999999
1652,Şarköy,Tekirdağ,2023,107.0,2567.125,621.0299999999999,0,170.53,,6.13,0.6799999999999999,0.1586764555112723,36,28.04838709677419,33.25354838709677,8.419945355191256,854.8299999999998,3855.33
1652,Şarköy,Tekirdağ,2024,150.0,2800.66,626.59,0,118.41000000000004,,3.06,1.93,0.0973835651438618,39,28.238709677419354,33.07870967741935,8.909508196721312,814.4600000000003,4174.3
1705,Uzunköprü,Edirne,2017,245.0,2428.81,553.2599999999999,0,273.97,,59.83,12.01,0.1938683738695647,39,25.58129032258065,33.62580645161291,14.356775956284151,775.2200000000001,4016.24
1705,Uzunköprü,Edirne,2018,253.0,2519.59,541.5949999999999,0,258.65,,79.18,1.89,0.1942220122962503,42,25.350000000000005,31.60258064516129,13.068852459016396,733.86,4012.95
1705,Uzunköprü,Edirne,2019,303.0,2482.7200000000003,544.5500000000001,0,230.70000000000005,,45.38,31.68,0.1655486325851696,44,25.515483870967746,33.28645161290322,14.009344262295082,756.7299999999999,3987.36
1705,Uzunköprü,Edirne,2020,321.0,2469.95,572.3299999999999,0,229.11,,1.84,7.41,0.1622940337738141,54,26.26612903225806,34.483548387096775,14.179945355191258,836.0299999999999,4054.02
1705,Uzunköprü,Edirne,2021,303.0,2390.16,599.15,0,220.56,,14.4,13.81,0.1653928520362352,55,27.134516129032253,35.18,13.302240437158469,823.1500000000002,3943.41
1705,Uzunköprü,Edirne,2022,261.0,2495.07,581.8800000000001,0,221.16,,20.27,46.8,0.1558961648516955,50,26.649677419354838,34.76258064516129,14.103169398907104,831.5500000000002,4073.07
1705,Uzunköprü,Edirne,2023,163.0,2558.1450000000004,630.4299999999998,0,218.67,,19.77,10.48,0.1624380392253557,57,28.345161290322583,36.51870967741936,13.636120218579237,808.1800000000001,3806.9699999999993
1705,Uzunköprü,Edirne,2024,128.0,2786.885,648.5999999999999,0,172.17,,20.090000000000003,10.34,0.1155264255809047,58,28.8141935483871,36.67161290322581,14.260928961748634,779.2800000000002,4035.940000000001
1714,Vize,Kırklareli,2017,245.0,2261.46,519.43,0,261.66,,58.78000000000001,14.99,0.1941431272962968,36,24.49,31.97967741935484,13.509562841530055,802.7799999999997,4059.79
1714,Vize,Kırklareli,2018,251.0,2356.22,521.035,0,285.37,,78.63999999999999,2.19,0.2298265788395893,24,24.631290322580647,30.737741935483868,11.982295081967214,740.6800000000001,4002.06
1714,Vize,Kırklareli,2019,253.0,2298.165,504.11,0,198.92,,44.63,21.82,0.1531839335010249,30,24.10483870967742,31.39032258064516,12.927650273224042,764.9699999999999,3977.57
1714,Vize,Kırklareli,2020,269.0,2278.515,522.97,0,215.93,,4.739999999999999,12.22,0.1614530353613311,38,24.649999999999995,32.0116129032258,13.101857923497269,860.68,4106.630000000001
1714,Vize,Kırklareli,2021,277.0,2237.3950000000004,563.8950000000001,0,206.01,,11.829999999999998,13.59,0.1642966434791755,41,25.92129032258065,33.38903225806452,12.52360655737705,819.3400000000001,3896.35
1714,Vize,Kırklareli,2022,235.0,2320.665,526.665,0,210.33,,23.31,41.260000000000005,0.1578621166562173,37,24.70064516129032,32.17935483870968,13.253989071038252,833.4399999999999,4065.29
1714,Vize,Kırklareli,2023,190.0,2391.5499999999997,591.8900000000001,0,199.97,,16.310000000000002,6.819999999999999,0.1560361337461483,49,27.013870967741934,34.958709677419364,12.695081967213111,833.3900000000002,3850.99
1714,Vize,Kırklareli,2024,186.0,2586.33,609.485,0,155.78,,12.93,7.8,0.1108549471620676,53,27.39903225806451,34.8316129032258,13.20989071038251,805.9199999999998,4080.68
1825,Marmaraereğlisi,Tekirdağ,2017,264.0,2273.715,511.425,0,269.35,,45.99,22.660000000000004,0.279319819253838,2,24.37451612903225,28.00451612903225,6.817540983606558,807.4400000000002,4114.55
1825,Marmaraereğlisi,Tekirdağ,2018,250.0,2488.4000000000005,549.12,0,327.31,,80.14000000000001,2.6600000000000006,0.3577712878602188,0,25.69838709677419,28.76322580645161,6.231693989071037,801.0199999999999,3997.41
1825,Marmaraereğlisi,Tekirdağ,2019,225.0,2359.945,502.77,0,209.92,,45.18000000000001,32.65,0.2223717680558498,0,24.19354838709678,27.61129032258064,6.325737704918033,807.42,4110.160000000001
1825,Marmaraereğlisi,Tekirdağ,2020,235.0,2342.0950000000003,517.27,0,200.67,,5.41,7.920000000000001,0.2051242609280873,0,24.58193548387097,28.22709677419355,6.671420765027323,860.5100000000001,4171.46
1825,Marmaraereğlisi,Tekirdağ,2021,265.0,2319.7,552.0999999999999,0,194.93,,16.090000000000003,8.219999999999999,0.2058035964453864,9,25.78419354838709,29.32225806451613,6.372950819672131,821.25,4113.86
1825,Marmaraereğlisi,Tekirdağ,2022,212.0,2347.575,509.44,0,229.87,,43.59000000000001,50.90999999999999,0.2346724484563518,0,24.33096774193548,27.90870967741936,6.719508196721312,852.8000000000001,4190.539999999999
1825,Marmaraereğlisi,Tekirdağ,2023,135.0,2387.4700000000003,567.3900000000001,0,201.43,,8.45,6.57,0.2206031168328071,11,26.373870967741933,30.146129032258067,6.441639344262296,854.8299999999998,3855.33
1825,Marmaraereğlisi,Tekirdağ,2024,165.0,2610.07,586.6350000000001,0,157.89999999999998,,19.66,4.16,0.1545721119320418,8,26.796774193548387,30.511612903225803,6.662185792349727,814.4600000000003,4174.3
1988,Süloğlu,Edirne,2017,216.0,2428.81,553.2599999999999,0,273.97,,59.83,12.01,0.1916481994462084,39,25.58129032258065,33.62580645161291,14.356775956284151,802.7799999999997,4059.79
1988,Süloğlu,Edirne,2018,228.0,2519.59,541.5949999999999,0,258.65,,79.18,1.89,0.1945084466611531,42,25.350000000000005,31.60258064516129,13.068852459016396,740.6800000000001,4002.06
1988,Süloğlu,Edirne,2019,227.0,2482.7200000000003,544.5500000000001,0,230.70000000000005,,45.38,31.68,0.1655446088164147,44,25.515483870967746,33.28645161290322,14.009344262295082,764.9699999999999,3977.57
1988,Süloğlu,Edirne,2020,264.0,2469.95,572.3299999999999,0,229.11,,1.84,7.41,0.1596645713575631,54,26.26612903225806,34.483548387096775,14.179945355191258,860.68,4106.630000000001
1988,Süloğlu,Edirne,2021,302.0,2390.16,599.15,0,220.56,,14.4,13.81,0.166668432710007,55,27.134516129032253,35.18,13.302240437158469,819.3400000000001,3896.35
1988,Süloğlu,Edirne,2022,270.0,2495.07,581.8800000000001,0,221.16,,20.27,46.8,0.1556284782323186,50,26.649677419354838,34.76258064516129,14.103169398907104,833.4399999999999,4065.29
1988,Süloğlu,Edirne,2023,302.0,2558.1450000000004,630.4299999999998,0,218.67,,19.77,10.48,0.1602755519781737,57,28.345161290322583,36.51870967741936,13.636120218579237,833.3900000000002,3850.99
1988,Süloğlu,Edirne,2024,194.0,2786.885,648.5999999999999,0,172.17,,20.090000000000003,10.34,0.1138738987891553,58,28.8141935483871,36.67161290322581,14.260928961748634,805.9199999999998,4080.68
2094,Ergene,Tekirdağ,2017,244.0,2261.46,519.43,0,261.66,,58.78000000000001,14.99,0.1941431272962968,36,24.49,31.97967741935484,13.509562841530055,802.7799999999997,4059.79
2094,Ergene,Tekirdağ,2018,230.0,2356.22,521.035,0,285.37,,78.63999999999999,2.19,0.2298265788395893,24,24.631290322580647,30.737741935483868,11.982295081967214,740.6800000000001,4002.06
2094,Ergene,Tekirdağ,2019,260.0,2298.165,504.11,0,198.92,,44.63,21.82,0.1531839335010249,30,24.10483870967742,31.39032258064516,12.927650273224042,764.9699999999999,3977.57
2094,Ergene,Tekirdağ,2020,256.0,2278.515,522.97,0,215.93,,4.739999999999999,12.22,0.1614530353613311,38,24.649999999999995,32.0116129032258,13.101857923497269,860.68,4106.630000000001
2094,Ergene,Tekirdağ,2021,240.0,2237.3950000000004,563.8950000000001,0,206.01,,11.829999999999998,13.59,0.1642966434791755,41,25.92129032258065,33.38903225806452,12.52360655737705,819.3400000000001,3896.35
2094,Ergene,Tekirdağ,2022,193.0,2320.665,526.665,0,210.33,,23.31,41.260000000000005,0.1578621166562173,37,24.70064516129032,32.17935483870968,13.253989071038252,833.4399999999999,4065.29
2094,Ergene,Tekirdağ,2023,108.0,2391.5499999999997,591.8900000000001,0,199.97,,16.310000000000002,6.819999999999999,0.1560361337461483,49,27.013870967741934,34.958709677419364,12.695081967213111,833.3900000000002,3850.99
2094,Ergene,Tekirdağ,2024,149.0,2586.33,609.485,0,155.78,,12.93,7.8,0.1108549471620676,53,27.39903225806451,34.8316129032258,13.20989071038251,805.9199999999998,4080.68
2095,Kapaklı,Tekirdağ,2017,244.0,2154.745,493.51499999999993,0,305.87000000000006,,69.3,26.84,0.3013912998239427,7,23.69322580645161,28.41838709677419,8.890382513661203,765.2900000000002,3863.42
2095,Kapaklı,Tekirdağ,2018,240.0,2344.51,520.8,0,321.81000000000006,,83.59,3.86,0.3370030294850312,1,24.61483870967742,28.843225806451613,7.870710382513661,760.83,3806.11
2095,Kapaklı,Tekirdağ,2019,250.0,2236.675,486.3850000000001,0,234.3,,58.97,33.04,0.2355686366684858,3,23.52645161290323,28.098064516129035,8.29224043715847,743.0199999999999,3865.42
2095,Kapaklı,Tekirdağ,2020,245.0,2211.53,497.5299999999999,0,202.31,,4.930000000000001,9.72,0.1978728792012617,2,23.88677419354839,28.284838709677423,8.529617486338799,803.9700000000001,3954.750000000001
2095,Kapaklı,Tekirdağ,2021,220.0,2187.8100000000004,536.8900000000001,0,222.63,,17.92,13.039999999999996,0.2250211585791207,16,25.12967741935484,29.785806451612903,8.39415300546448,772.84,3821.6
2095,Kapaklı,Tekirdağ,2022,174.0,2219.985,493.715,0,250.24,,46.67,45.26,0.2428148439383689,3,23.731612903225805,28.196451612903232,8.666721311475408,826.1899999999999,3973.69
2095,Kapaklı,Tekirdağ,2023,107.0,2286.835,554.205,0,206.85,,12.63,7.15,0.2119627564773014,17,25.791612903225808,31.065483870967743,8.205956284153006,809.2,3725.74
2095,Kapaklı,Tekirdağ,2024,150.0,2496.9,574.9400000000002,0,172.32,,17.54,7.75,0.1610404928307287,14,26.32258064516129,30.92419354838709,8.491147540983608,774.4100000000002,3954.74
2096,Süleymanpaşa,Tekirdağ,2017,225.0,2367.565,537.8,0,234.37,,44.31,17.209999999999997,0.1886638548761684,25,25.10129032258065,31.197741935483872,10.87431693989071,807.4400000000002,4114.55
2096,Süleymanpaşa,Tekirdağ,2018,230.0,2524.53,557.21,0,272.72,,79.53,1.01,0.2356901489403988,15,25.91161290322581,30.81548387096775,9.810601092896176,801.0199999999999,3997.41
2096,Süleymanpaşa,Tekirdağ,2019,230.0,2419.735,520.565,0,172.78,,31.85,19.75,0.1418535054024504,22,24.761612903225803,30.46806451612904,10.292950819672132,807.42,4110.160000000001
2096,Süleymanpaşa,Tekirdağ,2020,245.0,2400.71,535.4399999999999,0,219.83,,7.03,10.909999999999998,0.175919927167881,24,25.127096774193557,31.142258064516124,10.639562841530056,860.5100000000001,4171.46
2096,Süleymanpaşa,Tekirdağ,2021,250.0,2382.5199999999995,577.4,0,211.36,,13.469999999999995,12.929999999999998,0.1756716191335366,34,26.508064516129032,32.46129032258064,10.046939890710384,821.25,4113.86
2096,Süleymanpaşa,Tekirdağ,2022,193.0,2436.91,533.1850000000001,0,193.1,,21.9,42.79,0.1540474221869488,22,25.059677419354845,30.976129032258065,10.63912568306011,852.8000000000001,4190.539999999999
2096,Süleymanpaşa,Tekirdağ,2023,112.0,2486.13,603.845,0,186.24,,11.19,3.1899999999999995,0.1587747698209763,44,27.444193548387094,33.73064516129032,10.268415300546447,854.8299999999998,3855.33
2096,Süleymanpaşa,Tekirdağ,2024,180.0,2694.8700000000003,615.275,0,135.59,,7.81,5.0200000000000005,0.103272767855893,47,27.701935483870965,33.66193548387097,10.677814207650274,814.4600000000003,4174.3
