ilce_id,ilce,il,year,verim_kg_da,gdd_cum_season,gdd_flowering,vernalization_days,tp_season_sum,tp_winter_sum,tp_flowering,tp_grain_fill,aridity_index,heat_stress_days,t2m_flowering_mean,t2m_flowering_max,tdiff_mean,ssr_flowering_sum,ssr_season_sum,NDVI_greenup_mean,NDVI_peak_mean,NDVI_grainfill_mean,NDRE_greenup_mean,NDRE_peak_mean,NDRE_grainfill_mean,EVI_greenup_mean,EVI_peak_mean,EVI_grainfill_mean
1163,Babaeski,Kırklareli,2017,458.0,3272.91,530.49,46,483.79,257.82,47.9,57.77,0.4332781016967745,16,16.99,23.63225806451613,11.577569444444444,696.88,4022.21,0.4730768095648626,0.8119267458291021,0.3669550750129559,0.3103246262652967,0.6179874129090208,0.2259004583493254,0.2801623843169598,0.6670067915068163,0.2223307869401119
1163,Babaeski,Kırklareli,2018,442.0,3645.125,575.925,60,758.1700000000001,454.41,35.48000000000001,107.69,0.7224146068705211,12,18.41064516129032,24.698387096774194,10.704583333333334,674.3399999999999,3904.03,0.6809591572967172,0.7047988865792831,0.2703002660256213,0.4363509911009306,0.505410828585525,0.1692834287822256,0.4405075389746026,0.510662635217687,0.1722278481302764
1163,Babaeski,Kırklareli,2019,445.0,3559.9700000000003,574.69,61,496.35,317.1700000000001,51.56,35.63999999999999,0.4631700753380257,26,18.274516129032257,25.027419354838703,11.310555555555554,660.11,3843.55,0.5954678801279524,0.7714187095628521,0.3539105207129432,0.4011830306156291,0.5871672420568789,0.225670549387433,0.4058255651960133,0.5995598491483969,0.2317351145848156
1163,Babaeski,Kırklareli,2020,352.0,3752.715,543.2449999999999,51,439.13,192.16,71.26,68.47000000000001,0.3913352699399225,15,17.3441935483871,24.115161290322582,11.6778892733564,655.2299999999999,4067.94,0.7602864845801303,0.7924387105332161,0.3264497939521534,0.5681978955522525,0.6129013956897555,0.2069813760430002,0.5770844065588197,0.6346207084842675,0.1975034716148846
1163,Babaeski,Kırklareli,2021,483.0,3555.51,533.905,58,716.1500000000001,478.68,58.6,63.760000000000005,0.7228070521708525,9,17.102258064516132,23.206129032258065,10.520138888888887,680.8100000000001,3826.01,0.6847939922503723,0.7945705402523779,0.4350243431333599,0.4595385216912531,0.5957704108257037,0.2738924449424051,0.5314914437609296,0.6229087530672267,0.2643722232889236
1163,Babaeski,Kırklareli,2022,438.0,3445.385,551.33,50,520.54,379.2600000000001,25.99000000000001,44.26999999999998,0.4785209278445113,27,17.686774193548384,25.150645161290324,11.32576388888889,762.4200000000001,3943.88,0.5390575773675002,0.7630373633176295,0.3584069963696602,0.3392185141071581,0.5743376370884321,0.2247533303772153,0.3650656878257609,0.6010992502443392,0.2244770239408596
1163,Babaeski,Kırklareli,2023,411.0,3837.175,506.35,55,403.3,173.08000000000004,46.510000000000005,34.35,0.3859542911772928,14,16.13741935483871,22.204838709677414,11.180208333333333,575.88,3779.36,0.6194636921311093,0.8199627576725688,0.4163134561084709,0.4153381127930631,0.6425895712651115,0.2651602506146971,0.4287231421563439,0.6889717237317998,0.2704833310999761
1163,Babaeski,Kırklareli,2024,408.0,4160.43,523.115,50,445.5,290.63,42.85,8.760000000000002,0.3591494330327114,31,16.666774193548388,23.37258064516129,11.814636678200692,673.8800000000001,4062.81,0.654167125284275,0.7838667270231344,0.2830886676568772,0.4584770632227957,0.6158770266973159,0.1822363808086174,0.4652572608486969,0.6426442525882727,0.1889932843767689
1250,Çerkezköy,Tekirdağ,2017,420.0,3235.2250000000004,483.16,68,602.17,407.97,34.87,43.46,0.733195593705806,4,15.481612903225804,19.640645161290323,7.397812499999999,673.3499999999999,3787.32,0.52537452204942,0.787603593679977,0.4275442089442117,0.3250597406411879,0.570400314673959,0.2498225425719703,0.3436094116785243,0.6078116444792857,0.2638759897415525
1250,Çerkezköy,Tekirdağ,2018,343.0,3691.445,553.215,57,754.47,484.52,43.900000000000006,91.09,0.944219242451788,0,17.60161290322581,21.6383870967742,7.191770833333332,587.6999999999999,3710.55,0.6422367779660902,0.7178707157290097,0.404581215629221,0.3878688902908169,0.4925187400047765,0.249768950135028,0.4045314735136737,0.5379875931245054,0.2624542125988048
1250,Çerkezköy,Tekirdağ,2019,380.0,3533.1400000000003,537.73,70,602.3399999999999,420.3,45.89,31.91,0.7594270768468212,3,17.195483870967745,21.890645161290323,7.0010763888888885,653.04,3666.96,0.5872575844303243,0.728955443940092,0.3648648870900264,0.3839267927307691,0.5115894273464336,0.226545475853647,0.428244286648479,0.539855020689684,0.2469782634879624
1250,Çerkezköy,Tekirdağ,2020,430.0,3752.65,503.47,52,512.21,291.21,75.82999999999998,57.650000000000006,0.6027197344743304,1,16.2,20.675806451612896,7.446262975778548,654.86,3874.39,0.5935584755079989,0.7611763726409367,0.47006131520543,0.3915668561966221,0.5512982608509907,0.2936753799095795,0.4090268580956049,0.6212326326997167,0.3250777608235948
1250,Çerkezköy,Tekirdağ,2021,527.0,3643.27,516.915,42,650.78,403.28,48.96,65.54,0.8156656637291524,2,16.624838709677416,20.809354838709677,7.114513888888889,681.22,3707.88,0.6740119025582425,0.7379865334700094,0.5233686991339489,0.4401752905950679,0.525722877172449,0.3224965692218207,0.5086073685552402,0.5567998786501145,0.337598675155542
1250,Çerkezköy,Tekirdağ,2022,382.0,3393.71,501.945,55,584.62,381.41,17.490000000000002,47.02,0.7204421570493217,1,15.900645161290322,20.910000000000004,7.197361111111111,761.58,3809.49,0.5217328438132812,0.7260166824650544,0.4167913407245731,0.3143629997631829,0.5096161963531862,0.2576303153208358,0.3504092612767241,0.5740888796781105,0.2587981049574612
1250,Çerkezköy,Tekirdağ,2023,351.0,3764.72,462.485,49,381.76,164.4,33.57,21.58,0.485962425171175,1,14.684838709677422,18.50032258064516,7.158333333333335,576.3999999999999,3629.44,0.5360970491821208,0.7867830149277341,0.5810097154273662,0.3455385033650739,0.5774846696075772,0.3876771858530319,0.34563693618964,0.6429700974937544,0.3910413377668482
1250,Çerkezköy,Tekirdağ,2024,334.0,4064.28,482.81,55,565.8199999999999,405.67,35.77,8.19,0.6264416083397577,8,15.438709677419356,19.517741935483876,7.605813148788927,676.01,3874.4,0.607002385822582,0.7255130459153818,0.3348416518651245,0.3795642410972077,0.5089022411233891,0.2129252919386687,0.4230313350941027,0.561429813734359,0.2235248287968424
1258,Çorlu,Tekirdağ,2017,443.0,3444.4750000000004,519.705,65,535.49,357.32000000000005,28.89,45.42999999999999,0.5494985196144898,10,16.690967741935488,21.734193548387097,8.684548611111111,696.88,4022.21,0.5406595114807785,0.8138130133728989,0.425155598834296,0.353612794215264,0.6162249596352379,0.2562850331032394,0.3420406796707974,0.6644614994825442,0.2567142384520323
1258,Çorlu,Tekirdağ,2018,324.0,3889.63,576.5649999999999,54,693.3799999999999,450.12,38.52,83.98,0.7380063893221427,2,18.40322580645161,23.19,8.399687499999999,674.3399999999999,3904.03,0.7396067983412924,0.7639453982498907,0.2689793886851288,0.4934298972705881,0.5539142972869838,0.1653888347109524,0.4922337757670493,0.5799547654461761,0.1638006935169604
1258,Çorlu,Tekirdağ,2019,418.0,3695.905,566.9650000000001,66,537.84,379.59,40.370000000000005,21.8,0.5843458230059949,14,18.18129032258064,23.116774193548384,8.343715277777777,660.11,3843.55,0.6594959689664952,0.7613838833093015,0.2793447188183929,0.4680655651692356,0.5613651893563397,0.1738755771924125,0.4784889169049198,0.5991980929177471,0.183774643821378
1258,Çorlu,Tekirdağ,2020,391.0,3929.29,540.555,50,461.77,224.69,84.86999999999999,60.78,0.4697044771942579,6,17.358387096774194,22.42354838709677,8.739307958477507,655.2299999999999,4067.94,0.6223840385629309,0.7994969807441282,0.3628166209888151,0.434148581678984,0.6073281873543878,0.2121122659426998,0.4317680546062747,0.6685683062684817,0.2079844279429936
1258,Çorlu,Tekirdağ,2021,527.0,3818.0,544.74,39,644.16,399.12,69.66,56.11,0.725921769251223,8,17.46903225806452,22.21129032258065,8.008993055555555,680.8100000000001,3826.01,0.7181311349235944,0.8109504299559929,0.5423842013023346,0.4904945066107122,0.6122645582005731,0.3466611392528545,0.5610155931124324,0.63831455698401,0.3671999471948786
1258,Çorlu,Tekirdağ,2022,382.0,3608.46,550.65,50,487.48,339.54,19.1,32.1,0.5113887740971701,10,17.546774193548384,23.60354838709678,8.661701388888888,762.4200000000001,3943.88,0.543937994780197,0.8066240294833893,0.3298122680309063,0.3519099983489585,0.6265979730995525,0.2061078232617874,0.3564681418813989,0.6652368087644496,0.196685230598947
1258,Çorlu,Tekirdağ,2023,351.0,3967.485,497.89,47,361.31,143.14,35.46,27.91,0.3936481887557017,6,15.881612903225806,20.64645161290322,8.55875,575.88,3779.36,0.5863345755242665,0.7997742592560289,0.4979856447232922,0.3961399741935638,0.6253413925058218,0.3267622861837501,0.3948038815855407,0.6203129131660429,0.3217075775396978
1258,Çorlu,Tekirdağ,2024,431.0,4276.360000000001,512.235,48,542.39,395.52,31.230000000000008,4.199999999999999,0.5123006590920146,24,16.412903225806453,21.41258064516129,8.750588235294117,673.8800000000001,4062.81,0.6248802414552924,0.7877362663390406,0.2817352694665987,0.4194278140369656,0.600780946716132,0.1785949509922372,0.4385358329372048,0.6335168201762899,0.1936419835988268
1270,Demirköy,Kırklareli,2021,362.0,3062.9700000000003,482.105,69,776.73,494.75000000000006,54.71,74.81999999999998,0.8801944646097158,3,15.39516129032258,21.19451612903225,9.326423611111112,680.8100000000001,3826.01,0.6395925228324664,0.7442031330497593,0.5492787690480818,0.4025742773950063,0.5078209242632622,0.356756440784178,0.4563241875200887,0.6040608221336842,0.4066003132994968
1270,Demirköy,Kırklareli,2022,317.0,2896.835,476.085,53,626.64,457.45,15.510000000000002,60.790000000000006,0.6695271957803659,2,15.161612903225809,21.873548387096776,9.54861111111111,762.4200000000001,3943.88,0.556395175558632,0.6980851569031931,0.3825257278069144,0.3415176438113412,0.479263313232819,0.2388417709683906,0.3923005510258224,0.5529988553110248,0.2462104072652832
1270,Demirköy,Kırklareli,2023,292.0,3298.16,439.58,64,369.83,172.64,33.09,26.25,0.4003399924173053,5,13.853870967741935,19.211935483870967,9.918368055555556,575.88,3779.36,0.576688631129261,0.767314072087983,0.5344182744822118,0.3653438830452533,0.5254195326530526,0.3358599759254001,0.3666803287203493,0.6241670342878042,0.3823138697091484
1270,Demirköy,Kırklareli,2024,256.0,3584.52,446.68,54,537.18,380.67,33.62,7.72,0.4961897011291543,15,14.19064516129032,19.92258064516129,10.481764705882354,673.8800000000001,4062.81,0.559409274423167,0.7021070388960285,0.410771953948258,0.3433650492151062,0.4649744349497968,0.2617781338384047,0.373650453546423,0.5440373994410029,0.2873523821207005
1295,Merkez,Edirne,2017,393.0,3188.985,531.135,41,472.69,241.06,51.78,62.53,0.4285052580550198,16,16.962903225806453,23.64806451612903,11.602256944444443,684.0300000000001,4037.23,0.4200422197984084,0.7765044981363957,0.3692965533307812,0.2813223782537803,0.5957871242064582,0.2272632328822006,0.2390641354217115,0.6241510391144514,0.2179503945991348
1295,Merkez,Edirne,2018,353.0,3539.675,574.44,63,748.51,444.69000000000005,34.14,109.17,0.7098542466262228,12,18.432258064516127,24.756129032258062,10.727638888888889,701.0600000000002,3943.71,0.7527461618071389,0.7460289315360222,0.251311210783216,0.503250694671865,0.5579228685695228,0.1563625519190093,0.488642078699423,0.5616619149252383,0.1576973011601468
1295,Merkez,Edirne,2019,394.0,3449.5,564.4200000000001,61,508.44999999999993,317.59,52.16,39.81,0.4725824622884783,24,17.897096774193546,24.77193548387097,11.233263888888889,673.7900000000001,3915.13,0.526153810282819,0.7621434517035107,0.347119169777654,0.3595355165945094,0.5869112049599502,0.2233147817897151,0.3427619563098035,0.5739730034671429,0.2351929658918124
1295,Merkez,Edirne,2020,361.0,3631.35,536.795,53,459.74,201.71,68.32,67.11,0.4173304635985683,14,17.11064516129032,23.886774193548398,11.59311418685121,647.6200000000001,4062.52,0.6662470186754426,0.7977432191771837,0.3166393384008625,0.4872966456595487,0.6276340789001854,0.2014829192908144,0.4660699616686991,0.65194699808445,0.1901777273874601
1295,Merkez,Edirne,2021,491.0,3457.36,534.4899999999999,65,766.32,524.36,62.82,63.43,0.762296726303387,9,17.01967741935484,23.34354838709677,10.538819444444446,695.1699999999998,3892.06,0.6965583869635948,0.8055245946122092,0.430929341370168,0.4786856026020481,0.6207900839468083,0.281598077572071,0.5153857179553811,0.6532483273683982,0.2775869718489672
1295,Merkez,Edirne,2022,408.0,3348.3099999999995,558.62,52,539.45,394.35,27.95,48.02,0.4944896884234087,26,18.017741935483876,25.44516129032258,11.27670138888889,745.6100000000001,3999.72,0.5949310274159518,0.7533691053278768,0.2974311200013587,0.3988324280986886,0.584246236683521,0.1916544845581828,0.4003117068350423,0.583907268566768,0.186398445758899
1295,Merkez,Edirne,2023,559.0,3719.805,497.77,58,427.99,196.42,50.190000000000005,36.72,0.4112992986392858,13,15.911612903225809,21.90903225806451,11.1140625,566.0899999999999,3829.06,0.6428273989162326,0.8281962902967739,0.4043373841410815,0.4450972911221776,0.6542534145246628,0.2557076075794481,0.4412666002998047,0.7375745405824978,0.2671177572503624
1295,Merkez,Edirne,2024,370.0,4118.15,526.735,48,424.34,269.43,44.82,9.53,0.33920741740881,29,16.817419354838712,23.703548387096777,11.899031141868512,655.75,4102.01,0.6395153495322943,0.7630613492053023,0.2538700333767727,0.4587145733029507,0.5912653263392244,0.1628019906514161,0.430426641645996,0.6233578153476642,0.1789071242011518
1307,Enez,Edirne,2017,335.0,3900.325,556.225,59,443.15,302.7900000000001,32.68,35.68,0.5085841818835534,8,17.9441935483871,21.24709677419355,5.832604166666666,710.1300000000002,4264.71,0.4091168441801276,0.7592734202688486,0.3549708855791794,0.2594906223765,0.5585586541527788,0.2167017963902275,0.2543067939838164,0.6253449023552619,0.2228273459025817
1307,Enez,Edirne,2018,334.0,4356.275,611.96,34,621.89,436.86,29.010000000000005,60.55,0.7417498931043742,0,19.66193548387097,22.973225806451616,5.4521875,686.61,4162.33,0.6871059287666036,0.6953226699384663,0.2534810008362039,0.4482167311794003,0.4909455657677976,0.1562407557303264,0.4884939090442162,0.5399868446071489,0.1752465185646955
1307,Enez,Edirne,2019,321.0,4108.8150000000005,584.575,49,576.85,399.13000000000005,22.84,35.85,0.711402023912258,11,18.70387096774194,21.58129032258064,5.510243055555555,709.0600000000001,4098.429999999999,0.5630640035722785,0.7402503533256931,0.2747114142676298,0.3683711728127682,0.5339452486182985,0.1683843389278528,0.3944201106259578,0.5539179057980403,0.1791632844489099
1307,Enez,Edirne,2020,309.0,4322.995,557.43,36,463.41,263.12,59.8,37.66,0.5436903279438609,1,18.04548387096774,21.127419354838707,5.596851211072664,708.0,4263.72,0.7200968520008719,0.7623812592115932,0.2693226685069634,0.5175021903361492,0.5517419353668875,0.1664555617781032,0.5415040933822466,0.6069330256715356,0.1642225044587985
1307,Enez,Edirne,2021,448.0,4275.63,570.73,22,839.55,588.8799999999999,89.39000000000001,55.63,1.065137160148327,6,18.33419354838709,21.334838709677417,4.995902777777777,752.45,4190.56,0.5352211930823036,0.7517861569766549,0.3948744665097674,0.3367432719111822,0.5546299925614505,0.2446526363987836,0.4016368137629771,0.5992437781964594,0.2596741353739973
1307,Enez,Edirne,2022,398.0,4049.51,578.1250000000001,36,542.1199999999999,411.94999999999993,14.73,31.43,0.633042009799041,1,18.57,22.45290322580645,5.769236111111111,778.39,4231.91,0.4731448781064686,0.6774795168618152,0.2732447470941403,0.2896481674248394,0.4885670972207558,0.1672718124386646,0.3303734095010449,0.5182444855439411,0.1834310857679293
1307,Enez,Edirne,2023,506.0,4333.57,530.41,23,428.89,225.14,30.13,35.4,0.5365961556494224,2,17.095483870967744,20.256451612903227,5.502083333333333,588.3899999999999,3994.44,0.5988349562730447,0.777640189022996,0.2976033001285548,0.4014709374797891,0.5858374142975511,0.1828716586214616,0.4517812109901356,0.6227914143640952,0.1850044536788035
1307,Enez,Edirne,2024,386.0,4716.01,550.12,28,529.75,416.85,22.51,1.01,0.570023764359652,16,17.7558064516129,21.06774193548388,5.6932179930795845,701.1700000000001,4311.64,0.6810385910903606,0.752594582590613,0.2506722572449752,0.4772740765623486,0.5620079345780127,0.15684771148824,0.524354651586294,0.6060021450086057,0.1837547616126216
1385,Havsa,Edirne,2017,390.0,3272.91,530.49,46,483.79,257.82,47.9,57.77,0.4355231501023008,16,16.99,23.63225806451613,11.577569444444444,684.0300000000001,4037.23,0.5140731148877217,0.7952492289669254,0.3934407156610652,0.3431339855313206,0.598558549745829,0.2417410042237487,0.3107034893195288,0.6546442432774484,0.2368135088203198
1385,Havsa,Edirne,2018,368.0,3645.125,575.925,60,758.1700000000001,454.41,35.48000000000001,107.69,0.7175191773224854,12,18.41064516129032,24.698387096774194,10.704583333333334,701.0600000000002,3943.71,0.7083957825788753,0.6985438890126886,0.2545432314916566,0.4544015279887428,0.4992131306678271,0.15655176644881,0.4519807152498986,0.506503603494386,0.1623011742511518
1385,Havsa,Edirne,2019,411.0,3559.9700000000003,574.69,61,496.35,317.1700000000001,51.56,35.63999999999999,0.4565729856844301,26,18.274516129032257,25.027419354838703,11.310555555555554,673.7900000000001,3915.13,0.540098786978791,0.7598237424709609,0.3812148320520565,0.3622596154504445,0.5750733460138272,0.2427841143120055,0.3653142264379651,0.5805191735306509,0.2526026090661873
1385,Havsa,Edirne,2020,343.0,3752.715,543.2449999999999,51,439.13,192.16,71.26,68.47000000000001,0.3947775486507726,15,17.3441935483871,24.115161290322582,11.6778892733564,647.6200000000001,4062.52,0.7271890659371366,0.8066567766018294,0.3232507366080163,0.5403764105959166,0.6336234008624334,0.2012276553137454,0.5363953832197894,0.6557163944818222,0.1863437216671667
1385,Havsa,Edirne,2021,431.0,3555.51,533.905,58,716.1500000000001,478.68,58.6,63.760000000000005,0.7116731875883521,9,17.102258064516132,23.206129032258065,10.520138888888887,695.1699999999998,3892.06,0.6950445706759065,0.7794812959828405,0.3962596456039277,0.4738335315697452,0.5833989155434287,0.2481015473140647,0.5260035030733875,0.6058230323954208,0.238005046173978
1385,Havsa,Edirne,2022,388.0,3445.385,551.33,50,520.54,379.2600000000001,25.99000000000001,44.26999999999998,0.4766016451223357,27,17.686774193548384,25.150645161290324,11.32576388888889,745.6100000000001,3999.72,0.5657558633962423,0.7442847488030585,0.3106551366991738,0.3628273776283927,0.5592180303676618,0.1967894751148101,0.3822225400598203,0.5756240872605051,0.192833295185601
1385,Havsa,Edirne,2023,533.0,3837.175,506.35,55,403.3,173.08000000000004,46.510000000000005,34.35,0.3829600661653471,14,16.13741935483871,22.204838709677414,11.180208333333333,566.0899999999999,3829.06,0.649287783658657,0.8209366633470663,0.3919942148018057,0.4492136705577035,0.6360012665178844,0.246336168310041,0.4654346373525534,0.7120701960396936,0.2527710721294918
1385,Havsa,Edirne,2024,396.0,4160.43,523.115,50,445.5,290.63,42.85,8.760000000000002,0.3592233282674177,31,16.666774193548388,23.37258064516129,11.814636678200692,655.75,4102.01,0.6591992582134033,0.7611349480155446,0.2580112973934991,0.4753370794970272,0.5850527952157132,0.1631154579997502,0.4655155709383879,0.6180179842807862,0.1785310248403505
1388,Hayrabolu,Tekirdağ,2017,458.0,3336.135,530.66,50,462.66,274.64,42.21000000000001,49.260000000000005,0.4140177154298683,18,16.972580645161294,23.67806451612904,11.40204861111111,696.88,4022.21,0.4704217991187448,0.8415142088146876,0.4167279108935713,0.3081274533753217,0.6509284033861195,0.2626844627933463,0.2502753940024092,0.7058253216386375,0.2505431141085671
1388,Hayrabolu,Tekirdağ,2018,343.0,3736.39,577.965,51,693.7800000000001,441.84,31.62,86.67,0.6544918498176208,11,18.409032258064517,24.60290322580645,10.678993055555557,674.3399999999999,3904.03,0.7007949180374976,0.770597775730272,0.2790405935834242,0.4522763972280765,0.5708200530033285,0.1779563335884702,0.4488059769579292,0.5803725738423773,0.1713433937963003
1388,Hayrabolu,Tekirdağ,2019,456.0,3566.6900000000005,565.145,61,528.49,348.80999999999995,39.290000000000006,35.23,0.503401046681078,23,18.003225806451614,24.453225806451613,10.869930555555555,660.11,3843.55,0.5944000903455663,0.8098535302625249,0.362009567256797,0.4047892959172408,0.6301651234438359,0.2280339216583765,0.3913069673222331,0.6425378365358678,0.2398855689700803
1388,Hayrabolu,Tekirdağ,2020,394.0,3771.025,539.81,46,447.02,224.56,65.90999999999998,49.06,0.4031937646342962,16,17.22967741935484,23.79387096774193,11.29453287197232,655.2299999999999,4067.94,0.7460791945428854,0.8421572853341998,0.3270540921622506,0.5479199435854911,0.6568662364146376,0.2081449642287923,0.5362463063586419,0.7345196902604885,0.2094122531821256
1388,Hayrabolu,Tekirdağ,2021,483.0,3615.84,537.045,52,844.54,586.98,87.1,66.47,0.8603168223957617,9,17.15806451612903,23.12225806451613,10.218368055555556,680.8100000000001,3826.01,0.6799152661348373,0.8316428993620537,0.5763234324150602,0.4527622581529383,0.6360669045376626,0.374649130559216,0.5041343784946222,0.6767819663699165,0.3763139672894072
1388,Hayrabolu,Tekirdağ,2022,406.0,3492.255,552.96,48,536.6600000000001,397.42,22.9,41.01,0.4985783109599084,27,17.649032258064512,25.07967741935484,11.074027777777776,762.4200000000001,3943.88,0.5664762130233626,0.8083532548030236,0.3441348282897391,0.3600411712704312,0.6235946256701322,0.2152827798721815,0.3611112622482969,0.6386299435229289,0.2090355467013005
1388,Hayrabolu,Tekirdağ,2023,344.0,3853.62,501.69000000000005,51,402.8,191.01,39.33,35.690000000000005,0.3897403593784167,13,15.982903225806451,21.903548387096773,10.939965277777778,575.88,3779.36,0.5996040281715351,0.8288801650760628,0.4292254474506789,0.3955223407082555,0.6578380631182135,0.2818092233538642,0.3694812259693476,0.6779131086885578,0.2723213226818901
1388,Hayrabolu,Tekirdağ,2024,386.0,4213.055,521.84,44,477.18,352.87,29.52,3.79,0.390401081283397,29,16.66032258064516,23.3483870967742,11.34871972318339,673.8800000000001,4062.81,0.6275513223929147,0.8061255310872391,0.2886931617328513,0.4160373408680652,0.633912489557368,0.1872582705074832,0.4088601548446837,0.645354817837191,0.1914978402587457
1412,İpsala,Edirne,2017,345.0,3523.275,559.8449999999999,58,448.77,262.08,43.07000000000001,48.38,0.3895179443527228,18,17.89064516129032,24.09129032258065,10.441388888888888,710.1300000000002,4264.71,0.4814189267393126,0.7968129905078066,0.3141573876066462,0.3165742926647768,0.6001914176962679,0.188682150571646,0.3002847422949708,0.6572495629393659,0.1907207221204504
1412,İpsala,Edirne,2018,345.0,3931.005,609.7049999999999,53,689.11,434.96,30.710000000000004,89.78999999999999,0.6292017694806169,16,19.50258064516129,25.34548387096774,9.6634375,686.61,4162.33,0.6957120210428136,0.714496942375263,0.2278808172501548,0.4576557433724137,0.5137764204268608,0.1377242531810176,0.4732869803943571,0.5410335183644427,0.1680181541314431
1412,İpsala,Edirne,2019,383.0,3761.485,588.9049999999999,61,531.57,348.48,38.67,37.610000000000014,0.4865528510392606,24,18.717741935483875,24.72,9.910381944444444,709.0600000000001,4098.429999999999,0.5484773409199295,0.7637567332663787,0.2907630653878998,0.3644101773261154,0.5662231386468454,0.1805296975647626,0.3792472600731013,0.5861430838609416,0.1895778592834446
1412,İpsala,Edirne,2020,432.0,3953.715,563.4350000000001,50,461.35,236.51,63.40999999999999,49.96,0.4082610951007659,15,17.976129032258065,23.973548387096773,10.223771626297578,708.0,4263.72,0.7148416453593907,0.8009499812251055,0.2778424425566773,0.5187174229979649,0.601664071807085,0.1721398370959878,0.5196289999400026,0.6555905764404101,0.1681365134378581
1412,İpsala,Edirne,2021,529.0,3814.98,561.755,44,858.53,602.4,86.47999999999999,66.69999999999999,0.8191838226323328,9,17.941290322580645,23.50064516129032,9.2275,752.45,4190.56,0.5912670604770293,0.7714811148817959,0.3794070163100745,0.3799387429207804,0.5712499578171994,0.2306324343216127,0.4313269427809648,0.6088202575795176,0.2338073609119553
1412,İpsala,Edirne,2022,438.0,3695.17,588.595,52,550.11,409.68,22.85,43.48,0.4880126108459647,28,18.876451612903224,25.89612903225807,10.1096875,778.39,4231.91,0.5076109669328657,0.7461623057510759,0.2728949520958408,0.3125945831930886,0.5594602465741508,0.1694574319666042,0.3384941180403445,0.578609604700384,0.1751133180886408
1412,İpsala,Edirne,2023,576.0,4035.27,532.8149999999999,50,417.05,208.13,39.03999999999999,36.14,0.3926753951407357,13,17.042580645161287,22.671612903225807,9.9821875,588.3899999999999,3994.44,0.583870127824278,0.8024542251394902,0.307079944732884,0.3867987117111334,0.6191979872003198,0.1893797235821186,0.4135991212419042,0.6606937242087578,0.1900657855537919
1412,İpsala,Edirne,2024,409.0,4426.675,556.0949999999998,43,466.15,341.96000000000004,30.51,4.119999999999999,0.3713535559003516,30,17.804516129032255,24.09709677419355,10.388546712802768,701.1700000000001,4311.64,0.6871359923615777,0.7795067198408432,0.2580362028230162,0.4862051536730957,0.6017290640966466,0.1637474673175722,0.5163133299478702,0.6485178098283767,0.1894398765261832
1464,Keşan,Edirne,2017,424.0,3336.135,530.66,50,462.66,274.64,42.21000000000001,49.260000000000005,0.3936829412334743,18,16.972580645161294,23.67806451612904,11.40204861111111,710.1300000000002,4264.71,0.4165393102974256,0.8002557207321115,0.3444640892815123,0.2656296796771655,0.6005369164514758,0.2099012239285478,0.2333612917247424,0.6456806216523799,0.2030170635372939
1464,Keşan,Edirne,2018,387.0,3736.39,577.965,51,693.7800000000001,441.84,31.62,86.67,0.6198303467901833,11,18.409032258064517,24.60290322580645,10.678993055555557,686.61,4162.33,0.6957550523295413,0.7471588230926759,0.250895884884048,0.4609270437557303,0.5468978384983867,0.1558649249956395,0.4720091172611385,0.5716851564128166,0.1702080826486645
1464,Keşan,Edirne,2019,422.0,3566.6900000000005,565.145,61,528.49,348.80999999999995,39.290000000000006,35.23,0.4729455045468005,23,18.003225806451614,24.453225806451613,10.869930555555555,709.0600000000001,4098.429999999999,0.555627971109443,0.7771072729219194,0.2928601058877181,0.365332206184905,0.5802489785480068,0.1831607678374409,0.3631797170321065,0.59651259903923,0.1839903961494341
1464,Keşan,Edirne,2020,434.0,3771.025,539.81,46,447.02,224.56,65.90999999999998,49.06,0.3854831159663072,16,17.22967741935484,23.79387096774193,11.29453287197232,708.0,4263.72,0.677860270609779,0.8058775173354437,0.3107169002026231,0.4801586844906981,0.6113796344058579,0.1959623375025143,0.4658332478968385,0.655386092103994,0.1868623925129845
1464,Keşan,Edirne,2021,531.0,3615.84,537.045,52,844.54,586.98,87.1,66.47,0.7861021377187215,9,17.15806451612903,23.12225806451613,10.218368055555556,752.45,4190.56,0.5762195658081841,0.8027161007043903,0.4752861877563705,0.3662550877353591,0.6064121302872881,0.2996440170814179,0.4048034670971023,0.6433761219989496,0.3058831528411416
1464,Keşan,Edirne,2022,440.0,3492.255,552.96,48,536.6600000000001,397.42,22.9,41.01,0.4701828575442435,27,17.649032258064512,25.07967741935484,11.074027777777776,778.39,4231.91,0.5111823106750223,0.7573376481547456,0.2964049413325547,0.3175652687776128,0.570077028012349,0.1844002252338291,0.3281979109952396,0.5747923394796085,0.1847588778104585
1464,Keşan,Edirne,2023,559.0,3853.62,501.69000000000005,51,402.8,191.01,39.33,35.690000000000005,0.371154563104291,13,15.982903225806451,21.903548387096773,10.939965277777778,588.3899999999999,3994.44,0.5838809090100564,0.8164232076074568,0.3059075014698946,0.387221791514258,0.6346141390907188,0.1923504722360319,0.3974603265612938,0.6756878316294922,0.1862776680924889
1464,Keşan,Edirne,2024,410.0,4213.055,521.84,44,477.18,352.87,29.52,3.79,0.3731977185166991,29,16.66032258064516,23.3483870967742,11.34871972318339,701.1700000000001,4311.64,0.6457932462572992,0.7942707430127712,0.2689520985886093,0.441544739689179,0.6116192699680487,0.1717098167668107,0.4565186820369165,0.640390035973372,0.1926496127359261
1471,Merkez,Kırklareli,2017,458.0,3148.73,495.2750000000001,53,501.9500000000001,309.87,36.3,40.42,0.4737397276031357,13,15.884838709677416,22.041612903225804,10.853333333333332,696.88,4022.21,0.4153611376580391,0.7312851281054763,0.36053900475554,0.2708260873051578,0.5328842196740522,0.2188846613632628,0.2483563708129016,0.5790279979693167,0.2250723110882903
1471,Merkez,Kırklareli,2018,320.0,3533.31,552.38,64,733.69,443.01,43.23,101.41,0.7323884217172224,2,17.62483870967742,23.457419354838706,10.250416666666668,674.3399999999999,3904.03,0.6588745062499015,0.6798908505621698,0.2833398669375201,0.4138473623879465,0.4813386027200422,0.1752614435518996,0.4107161868498211,0.4959001654061226,0.1764495598210654
1471,Merkez,Kırklareli,2019,342.0,3411.715,544.2700000000001,62,493.1,333.53,47.31,28.48,0.4871634342421104,17,17.419032258064515,23.805483870967738,10.54625,660.11,3843.55,0.4880987686383771,0.6645390222077115,0.3604353451797243,0.3173951248784083,0.4761778159827822,0.2267016251941367,0.322240534389772,0.4935745277646782,0.2381207835102857
1471,Merkez,Kırklareli,2020,352.0,3619.28,517.6100000000001,55,438.88,219.33,72.16000000000001,69.29,0.4099515856436161,11,16.596129032258066,22.99838709677419,11.056089965397923,655.2299999999999,4067.94,0.6991699608971843,0.7299337364241256,0.3134213797050447,0.5019975756169016,0.5406256627783771,0.1971403193086196,0.5116441033251893,0.5610161614736834,0.1889549342591753
1471,Merkez,Kırklareli,2021,396.0,3464.57,515.01,59,610.76,385.26,49.08,63.22,0.6360625833387289,8,16.59741935483871,22.35935483870968,10.110833333333334,680.8100000000001,3826.01,0.6519392058928974,0.7379863021982622,0.385560616138372,0.4352683632700113,0.532523263481135,0.2413439624337824,0.4842231907962532,0.5496914343146092,0.2388782971973399
1471,Merkez,Kırklareli,2022,358.0,3299.54,520.125,54,504.44,351.04999999999995,19.88,39.94,0.4929857421462745,16,16.562258064516133,23.70387096774193,10.63170138888889,762.4200000000001,3943.88,0.4959697485105796,0.6734201598372278,0.3151728882512071,0.3119508209372462,0.484340403479395,0.1991361277537988,0.3412518741105819,0.5123965142762533,0.20306719050945
1471,Merkez,Kırklareli,2023,373.0,3699.885,479.74,55,360.76,143.29000000000002,36.52,26.11,0.3616234197946414,10,15.21774193548387,21.01806451612903,10.627256944444444,575.88,3779.36,0.5313668320985624,0.7855975155652737,0.4438442113192717,0.3530771043294687,0.5896639598893679,0.2790868933478576,0.3681943591009696,0.648126497073064,0.3008882724617165
1471,Merkez,Kırklareli,2024,371.0,3976.645,487.195,53,492.25000000000006,337.78000000000003,39.5,7.590000000000001,0.4244331899557627,28,15.538387096774192,21.606129032258064,11.10878892733564,673.8800000000001,4062.81,0.602985620871313,0.7252599913207919,0.2784201562844285,0.4157581025095986,0.5415222252301252,0.1773933680447605,0.4203725320019238,0.5670764075681016,0.1943297635478553
1480,Kofçaz,Kırklareli,2017,305.0,2928.825,491.82,36,451.16,224.66,55.31,50.760000000000005,0.4267565281487113,14,15.714838709677418,22.12870967741935,11.275625,696.88,4022.21,0.2481248741009728,0.7027060604232054,0.4926306317122216,0.1531768093373243,0.4943910049335134,0.305894858291903,0.1503460273204598,0.5430968918451875,0.3173426291518845
1480,Kofçaz,Kırklareli,2018,305.0,3256.39,538.2700000000001,63,764.48,444.57,42.4,111.48000000000002,0.7710144876479064,3,17.204516129032257,23.396774193548385,10.281180555555556,674.3399999999999,3904.03,0.6259210503849263,0.7108215428909895,0.3315924467516353,0.3891968137192916,0.5055559555654933,0.2093959704754961,0.3926110305025381,0.5353981843994315,0.1968959774784343
1480,Kofçaz,Kırklareli,2019,232.0,3199.67,536.86,58,477.17,278.04,62.08,46.16,0.4701444512979398,18,17.142258064516128,23.645806451612906,10.828993055555555,660.11,3843.55,0.4696851155879047,0.6742634569877507,0.4282004700307599,0.3003348214439666,0.4733573179445935,0.273078696700259,0.2811368539904599,0.4923603427052395,0.2777543972101791
1480,Kofçaz,Kırklareli,2020,313.0,3397.3950000000004,509.02,52,400.1,171.0,65.25,75.00000000000001,0.374342208762196,10,16.353548387096776,22.95419354838709,11.362214532871974,655.2299999999999,4067.94,0.6244026425446942,0.7226216545094065,0.3988892045541494,0.4247974247212289,0.52560373999741,0.2569158790030306,0.4259520150138034,0.5509458549679275,0.2413374638162215
1480,Kofçaz,Kırklareli,2021,360.0,3197.29,503.145,70,638.49,412.27,37.06,66.44,0.6784380789973097,8,16.07709677419355,22.12935483870968,10.205625,680.8100000000001,3826.01,0.5528855863719189,0.7276734437854048,0.5335313060107034,0.3463065404529902,0.5146369508033553,0.3396423470837554,0.3880332667424317,0.5546136753946782,0.341226089802468
1480,Kofçaz,Kırklareli,2022,247.0,3074.8050000000003,515.795,54,517.42,366.69,24.999999999999996,58.78000000000001,0.5068582402697823,12,16.595806451612905,23.74677419354839,10.6865625,762.4200000000001,3943.88,0.4204097327907942,0.6626987132296687,0.386283669263537,0.263042527060971,0.4675230681829666,0.2445325736174793,0.2791155237738177,0.4979593126713773,0.237951996646126
1480,Kofçaz,Kırklareli,2023,284.0,3464.195,471.25999999999993,60,375.62,154.22,44.18999999999999,35.03,0.3794417563637537,10,14.92225806451613,20.90225806451613,10.829340277777778,575.88,3779.36,0.4264478644236898,0.7721768947725359,0.5627756498431705,0.2759775131512219,0.5668437359004949,0.3681265994987913,0.2700677900264195,0.6223700817148045,0.3862593659514536
1480,Kofçaz,Kırklareli,2024,260.0,3790.515,479.5,47,426.48,250.72000000000003,53.39000000000001,16.7,0.3608278345645057,28,15.285161290322582,21.61225806451613,11.57712802768166,673.8800000000001,4062.81,0.4941499358605846,0.7257533323172615,0.358247263213322,0.3202465303309995,0.529022533335793,0.2310313289793448,0.2988274119584922,0.5569275779477317,0.2387812502301988
1502,Lalapaşa,Edirne,2017,233.0,2928.825,491.82,36,451.16,224.66,55.31,50.760000000000005,0.4290010944257463,14,15.714838709677418,22.12870967741935,11.275625,684.0300000000001,4037.23,0.398192735746628,0.7276333418830522,0.3952963228284815,0.2602846736101938,0.535000088468349,0.2401602999213122,0.2387345216495609,0.5646173337928772,0.2370687428943138
1502,Lalapaşa,Edirne,2018,232.0,3256.39,538.2700000000001,63,764.48,444.57,42.4,111.48000000000002,0.7663850561884558,3,17.204516129032257,23.396774193548385,10.281180555555556,701.0600000000002,3943.71,0.6888137616801235,0.7111333644455059,0.2837850273499984,0.4462714319250361,0.5124461026037053,0.1776676277269828,0.4589091777077709,0.5354940570932765,0.1849429950752809
1502,Lalapaşa,Edirne,2019,345.0,3199.67,536.86,58,477.17,278.04,62.08,46.16,0.4635504741819435,18,17.142258064516128,23.645806451612906,10.828993055555555,673.7900000000001,3915.13,0.5588671406313716,0.7402432071269712,0.3525254203723367,0.3791586201478469,0.5499689699626802,0.2219926880039081,0.3782064670624692,0.5720329361064,0.2426315300464323
1502,Lalapaşa,Edirne,2020,279.0,3397.3950000000004,509.02,52,400.1,171.0,65.25,75.00000000000001,0.3776579571649923,10,16.353548387096776,22.95419354838709,11.362214532871974,647.6200000000001,4062.52,0.6746461071891975,0.740877513141529,0.3121294568278003,0.4889674768318999,0.5539469039692627,0.1950717387973845,0.4996046611752367,0.5876787945082297,0.1865600971833687
1502,Lalapaşa,Edirne,2021,444.0,3197.29,503.145,70,638.49,412.27,37.06,66.44,0.6680175746382246,8,16.07709677419355,22.12935483870968,10.205625,695.1699999999998,3892.06,0.6417273961200811,0.7643293970048216,0.4059311885162438,0.4269222333814158,0.5568757484508893,0.2486089684795317,0.4759317088958493,0.5936887666232484,0.247462593668255
1502,Lalapaşa,Edirne,2022,363.0,3074.8050000000003,515.795,54,517.42,366.69,24.999999999999996,58.78000000000001,0.5048629190021023,12,16.595806451612905,23.74677419354839,10.6865625,745.6100000000001,3999.72,0.5243403800410291,0.6831875083694269,0.3005464236115049,0.3427387691455703,0.4994255078272597,0.1900677114927126,0.3564367979832507,0.5169729732589187,0.1934391480799226
1502,Lalapaşa,Edirne,2023,459.0,3464.195,471.25999999999993,60,375.62,154.22,44.18999999999999,35.03,0.376725928760332,10,14.92225806451613,20.90225806451613,10.829340277777778,566.0899999999999,3829.06,0.5726264809646172,0.8093814702626017,0.4235025425893383,0.3891616070744959,0.6218296089190659,0.2668365971447639,0.3835715719896786,0.7066351493564552,0.287368751375489
1502,Lalapaşa,Edirne,2024,373.0,3790.515,479.5,47,426.48,250.72000000000003,53.39000000000001,16.7,0.3608323441468224,28,15.285161290322582,21.61225806451613,11.57712802768166,655.75,4102.01,0.5742084226861203,0.7399217373424939,0.271614736246968,0.4008638199594911,0.5578838355514294,0.1739052401257378,0.3829773410911771,0.5811150135160997,0.1940987232208255
1505,Lüleburgaz,Kırklareli,2023,358.0,3699.885,479.74,55,360.76,143.29000000000002,36.52,26.11,0.3616234197946414,10,15.21774193548387,21.01806451612903,10.627256944444444,575.88,3779.36,0.6039251907206159,0.8127285692214924,0.5310231013460498,0.4013822071226405,0.6293815275424935,0.3553548352971377,0.38521811679905,0.648446537875442,0.3430829987062535
1511,Malkara,Tekirdağ,2017,450.0,3336.135,530.66,50,462.66,274.64,42.21000000000001,49.260000000000005,0.3936829412334743,18,16.972580645161294,23.67806451612904,11.40204861111111,710.1300000000002,4264.71,0.3921323405818572,0.815684977175592,0.4285596805746158,0.2485207823918489,0.6128208054259234,0.2713107765729071,0.201984157094005,0.6563221277682532,0.2656902415146385
1511,Malkara,Tekirdağ,2018,320.0,3736.39,577.965,51,693.7800000000001,441.84,31.62,86.67,0.6198303467901833,11,18.409032258064517,24.60290322580645,10.678993055555557,686.61,4162.33,0.6748411204705675,0.7683411415483582,0.2834376580775621,0.4345728594585411,0.5670060181146549,0.1804506001952245,0.4097058306484343,0.5860543561305597,0.181759721415265
1511,Malkara,Tekirdağ,2019,464.0,3566.6900000000005,565.145,61,528.49,348.80999999999995,39.290000000000006,35.23,0.4729455045468005,23,18.003225806451614,24.453225806451613,10.869930555555555,709.0600000000001,4098.429999999999,0.5699195561520541,0.7843876939755782,0.3511701493266714,0.3772542811467466,0.5922407836997584,0.2223570139397019,0.3751169393491708,0.6146066625078801,0.2304301750724403
1511,Malkara,Tekirdağ,2020,380.0,3771.025,539.81,46,447.02,224.56,65.90999999999998,49.06,0.3854831159663072,16,17.22967741935484,23.79387096774193,11.29453287197232,708.0,4263.72,0.6809862729592625,0.8247471797879609,0.3619417705327623,0.4824533315222733,0.6366696735174328,0.2321230876788783,0.4605864146946841,0.6994116744974562,0.2327349438638132
1511,Malkara,Tekirdağ,2021,527.0,3615.84,537.045,52,844.54,586.98,87.1,66.47,0.7861021377187215,9,17.15806451612903,23.12225806451613,10.218368055555556,752.45,4190.56,0.6603817687114503,0.8125564404677355,0.5767075735978905,0.4347748394650976,0.6125681567497285,0.3779844388708587,0.4824415163360447,0.6475733370369013,0.3919261495238636
1511,Malkara,Tekirdağ,2022,398.0,3492.255,552.96,48,536.6600000000001,397.42,22.9,41.01,0.4701828575442435,27,17.649032258064512,25.07967741935484,11.074027777777776,778.39,4231.91,0.5203830047136995,0.7911501299676437,0.3625522592025367,0.3220926199792974,0.6077554250813763,0.2274728482808314,0.3198541564921138,0.6197672448503526,0.2264123163199176
1511,Malkara,Tekirdağ,2023,373.0,3853.62,501.69000000000005,51,402.8,191.01,39.33,35.690000000000005,0.371154563104291,13,15.982903225806451,21.903548387096773,10.939965277777778,588.3899999999999,3994.44,0.5874659874500513,0.8480800397415982,0.4041227728086538,0.3894126466089065,0.6709607932629156,0.266073582472258,0.3783520263065385,0.7409482054011961,0.2670877576318217
1511,Malkara,Tekirdağ,2024,438.0,4213.055,521.84,44,477.18,352.87,29.52,3.79,0.3731977185166991,29,16.66032258064516,23.3483870967742,11.34871972318339,701.1700000000001,4311.64,0.5705817253869063,0.7957407286745389,0.2881456795032557,0.3704303986383446,0.6151226864630323,0.1867382287956888,0.3715395237441587,0.6270775263062475,0.2015642454743975
1523,Meriç,Edirne,2017,311.0,3523.275,559.8449999999999,58,448.77,262.08,43.07000000000001,48.38,0.4117334125277874,18,17.89064516129032,24.09129032258065,10.441388888888888,684.0300000000001,4037.23,0.3895271169981907,0.7866755681246432,0.41729937544039,0.2477064625538828,0.5780073973841938,0.2600801643676735,0.2213097534401635,0.6214825069630674,0.2614143920099038
1523,Meriç,Edirne,2018,324.0,3931.005,609.7049999999999,53,689.11,434.96,30.710000000000004,89.78999999999999,0.6589782268813241,16,19.50258064516129,25.34548387096774,9.6634375,701.0600000000002,3943.71,0.6399658115664318,0.6787631912942826,0.2879138023554987,0.3975149370596429,0.470003262923753,0.1781033787204996,0.4165517260087189,0.4995821209656337,0.1911564431973144
1523,Meriç,Edirne,2019,350.0,3761.485,588.9049999999999,61,531.57,348.48,38.67,37.610000000000014,0.5103075125632616,24,18.717741935483875,24.72,9.910381944444444,673.7900000000001,3915.13,0.4656336468678137,0.7472624129967632,0.4098240496528125,0.2966907940799791,0.5438967621688476,0.2609296821349368,0.3008188810001195,0.5582029304814665,0.2716607700495779
1523,Meriç,Edirne,2020,361.0,3953.715,563.4350000000001,50,461.35,236.51,63.40999999999999,49.96,0.430333081826887,15,17.976129032258065,23.973548387096773,10.223771626297578,647.6200000000001,4062.52,0.6786616463012628,0.7860080514909629,0.332127537548312,0.4889223011931591,0.5905972209901932,0.2084290454375328,0.485542718915912,0.6388565353765602,0.2038920596835932
1523,Meriç,Edirne,2021,460.0,3814.98,561.755,44,858.53,602.4,86.47999999999999,66.69999999999999,0.8820977360148436,9,17.941290322580645,23.50064516129032,9.2275,695.1699999999998,3892.06,0.6005248730610458,0.7555954825529266,0.3967724264396193,0.3898568175563286,0.5495377485752824,0.2406659321906256,0.4372819875608113,0.5821784875904018,0.2396386563124683
1523,Meriç,Edirne,2022,407.0,3695.17,588.595,52,550.11,409.68,22.85,43.48,0.5155088361885737,28,18.876451612903224,25.89612903225807,10.1096875,745.6100000000001,3999.72,0.5059962183987563,0.7379306631710311,0.3282990729974469,0.3184792102017924,0.549054596005052,0.2081160278863706,0.3372929318934922,0.5717089358056238,0.2074958773133881
1523,Meriç,Edirne,2023,510.0,4035.27,532.8149999999999,50,417.05,208.13,39.03999999999999,36.14,0.4086493395877434,13,17.042580645161287,22.671612903225807,9.9821875,566.0899999999999,3829.06,0.522971830257857,0.7956778002874187,0.3803320086901299,0.3404465942750621,0.6069182881312271,0.2411439701868867,0.3557792130805229,0.6705324935860449,0.245956595704046
1523,Meriç,Edirne,2024,380.0,4426.675,556.0949999999998,43,466.15,341.96000000000004,30.51,4.119999999999999,0.3884256817085138,30,17.804516129032255,24.09709677419355,10.388546712802768,655.75,4102.01,0.6798638451948967,0.7610527496994056,0.2880211552033275,0.4891411398600638,0.5751989409076543,0.1844952494463678,0.4837040665530668,0.6175420105876201,0.1959787919953166
1538,Muratlı,Tekirdağ,2017,496.0,3444.4750000000004,519.705,65,535.49,357.32000000000005,28.89,45.42999999999999,0.5494985196144898,10,16.690967741935488,21.734193548387097,8.684548611111111,696.88,4022.21,0.5501881972607006,0.8448342685246051,0.4829152704738292,0.3662760065796427,0.6510426572109086,0.3091110244310427,0.3176226299941986,0.7243744383324963,0.3163148149682386
1538,Muratlı,Tekirdağ,2018,381.0,3889.63,576.5649999999999,54,693.3799999999999,450.12,38.52,83.98,0.7380063893221427,2,18.40322580645161,23.19,8.399687499999999,674.3399999999999,3904.03,0.8028712466177965,0.7949390146171184,0.2532895483435183,0.5611650285772746,0.5948352070721975,0.1610280596660568,0.5458861795353506,0.6300436441998913,0.1544296441763786
1538,Muratlı,Tekirdağ,2019,494.0,3695.905,566.9650000000001,66,537.84,379.59,40.370000000000005,21.8,0.5843458230059949,14,18.18129032258064,23.116774193548384,8.343715277777777,660.11,3843.55,0.7036935028700696,0.8045000762691707,0.3880019132703199,0.5126101328771091,0.6100365514470794,0.2424208470473977,0.5125021792450271,0.6478768568763936,0.2679915387694007
1538,Muratlı,Tekirdağ,2020,446.0,3929.29,540.555,50,461.77,224.69,84.86999999999999,60.78,0.4697044771942579,6,17.358387096774194,22.42354838709677,8.739307958477507,655.2299999999999,4067.94,0.7371727079552635,0.8281878060246265,0.3969796782894056,0.5305723966779999,0.6359197420502024,0.2389742245325185,0.5388435036207152,0.7251861181003006,0.2549665383159664
1538,Muratlı,Tekirdağ,2021,589.0,3818.0,544.74,39,644.16,399.12,69.66,56.11,0.725921769251223,8,17.46903225806452,22.21129032258065,8.008993055555555,680.8100000000001,3826.01,0.7233871765968688,0.8343189398348229,0.6259572629915744,0.4888070561080146,0.6389021009189152,0.4195398993841593,0.5745814364895008,0.6893749888846509,0.439019937828284
1538,Muratlı,Tekirdağ,2022,477.0,3608.46,550.65,50,487.48,339.54,19.1,32.1,0.5113887740971701,10,17.546774193548384,23.60354838709678,8.661701388888888,762.4200000000001,3943.88,0.5878039020967218,0.8272511371462077,0.3709208076314983,0.3838669195218458,0.6491636650213777,0.2272777840470475,0.3777483508092377,0.6743888283994963,0.2146764307509907
1538,Muratlı,Tekirdağ,2023,336.0,3967.485,497.89,47,361.31,143.14,35.46,27.91,0.3936481887557017,6,15.881612903225806,20.64645161290322,8.55875,575.88,3779.36,0.6184799259108787,0.823896456997703,0.4670931495950662,0.4155978120776511,0.6524091867543891,0.3132842248602617,0.3870692611442804,0.6723022967749839,0.3072336603180313
1538,Muratlı,Tekirdağ,2024,446.0,4276.360000000001,512.235,48,542.39,395.52,31.230000000000008,4.199999999999999,0.5123006590920146,24,16.412903225806453,21.41258064516129,8.750588235294117,673.8800000000001,4062.81,0.6687549494359637,0.8156314269099807,0.2820940996162522,0.4402327165051751,0.63767113440205,0.1818234615497411,0.4524992805232271,0.6509724071298376,0.1935854042875903
1572,Pehlivanköy,Kırklareli,2017,458.0,3272.91,530.49,46,483.79,257.82,47.9,57.77,0.4332781016967745,16,16.99,23.63225806451613,11.577569444444444,696.88,4022.21,0.4609039868766212,0.8175587680271919,0.4234389506679236,0.296096164937232,0.6114023173984896,0.2672586193582321,0.2806952751601165,0.6704778345440953,0.2653646523251179
1572,Pehlivanköy,Kırklareli,2018,343.0,3645.125,575.925,60,758.1700000000001,454.41,35.48000000000001,107.69,0.7224146068705211,12,18.41064516129032,24.698387096774194,10.704583333333334,674.3399999999999,3904.03,0.702243503900185,0.733762226831163,0.2819836604965287,0.4534695087237282,0.5287349285319246,0.1765638468878112,0.4703759784786476,0.5464929012509,0.1702116459176677
1572,Pehlivanköy,Kırklareli,2019,456.0,3559.9700000000003,574.69,61,496.35,317.1700000000001,51.56,35.63999999999999,0.4631700753380257,26,18.274516129032257,25.027419354838703,11.310555555555554,660.11,3843.55,0.5373873228366861,0.7481335914968854,0.3557608775367807,0.3553028443856391,0.5500453678788058,0.2290923143342464,0.3772259994145197,0.5653663926263033,0.2336614111573025
1572,Pehlivanköy,Kırklareli,2020,391.0,3752.715,543.2449999999999,51,439.13,192.16,71.26,68.47000000000001,0.3913352699399225,15,17.3441935483871,24.115161290322582,11.6778892733564,655.2299999999999,4067.94,0.7259324144327649,0.8004469075078938,0.3449472188148281,0.5334207892392735,0.6154812882659743,0.2180080494558951,0.5393919157158252,0.642295235876021,0.2094906841862236
1572,Pehlivanköy,Kırklareli,2021,440.0,3555.51,533.905,58,716.1500000000001,478.68,58.6,63.760000000000005,0.7228070521708525,9,17.102258064516132,23.206129032258065,10.520138888888887,680.8100000000001,3826.01,0.6548634645480182,0.7781065821920103,0.4750883528067378,0.4326757327308811,0.5722425515569461,0.2999097115659727,0.5202246026108706,0.6059977274633667,0.2894573415595999
1572,Pehlivanköy,Kırklareli,2022,398.0,3445.385,551.33,50,520.54,379.2600000000001,25.99000000000001,44.26999999999998,0.4785209278445113,27,17.686774193548384,25.150645161290324,11.32576388888889,762.4200000000001,3943.88,0.5227882383986464,0.7483522441181446,0.3816459630406937,0.3231555426515603,0.5521431255114109,0.2401753872789544,0.3683154307789236,0.5944180772947304,0.2469547666890176
1572,Pehlivanköy,Kırklareli,2023,388.0,3837.175,506.35,55,403.3,173.08000000000004,46.510000000000005,34.35,0.3859542911772928,14,16.13741935483871,22.204838709677414,11.180208333333333,575.88,3779.36,0.5907357140478117,0.813175655416824,0.4171252791160723,0.3950850347822661,0.6307448658807161,0.2676148268892419,0.4251924071116421,0.6738789344345161,0.2570650283970235
1572,Pehlivanköy,Kırklareli,2024,371.0,4160.43,523.115,50,445.5,290.63,42.85,8.760000000000002,0.3591494330327114,31,16.666774193548388,23.37258064516129,11.814636678200692,673.8800000000001,4062.81,0.6336780591893812,0.7769927924847325,0.2847453772481704,0.4374325640849343,0.6010042011496958,0.1830706367285718,0.4536318015035223,0.6457340056433019,0.1891548579617431
1577,Pınarhisar,Kırklareli,2017,458.0,3148.73,495.2750000000001,53,501.9500000000001,309.87,36.3,40.42,0.4737397276031357,13,15.884838709677416,22.041612903225804,10.853333333333332,696.88,4022.21,0.385893092531314,0.7899589744933482,0.3843831628599008,0.243278057321706,0.6022416854507556,0.2417221681472,0.2047237657338554,0.6559828702152005,0.259360776515178
1577,Pınarhisar,Kırklareli,2018,305.0,3533.31,552.38,64,733.69,443.01,43.23,101.41,0.7323884217172224,2,17.62483870967742,23.457419354838706,10.250416666666668,674.3399999999999,3904.03,0.6666959625529912,0.7392694749310605,0.2968467635405457,0.4267614904400503,0.5419436533605574,0.1852793782868825,0.4423810789814431,0.5585108817665845,0.1883967026162603
1577,Pınarhisar,Kırklareli,2019,456.0,3411.715,544.2700000000001,62,493.1,333.53,47.31,28.48,0.4871634342421104,17,17.419032258064515,23.805483870967738,10.54625,660.11,3843.55,0.5013669103234192,0.7493992970334634,0.3380242074137616,0.3345249764898753,0.5636666069457525,0.2166368240687566,0.3240374071360736,0.5845635127166418,0.2347473514513995
1577,Pınarhisar,Kırklareli,2020,352.0,3619.28,517.6100000000001,55,438.88,219.33,72.16000000000001,69.29,0.4099515856436161,11,16.596129032258066,22.99838709677419,11.056089965397923,655.2299999999999,4067.94,0.7023329462838012,0.7941417188077416,0.354528547185746,0.503000889253707,0.6005522790461657,0.224892235696632,0.5118483308321844,0.6421434328198857,0.2343558633157397
1577,Pınarhisar,Kırklareli,2021,440.0,3464.57,515.01,59,610.76,385.26,49.08,63.22,0.6360625833387289,8,16.59741935483871,22.35935483870968,10.110833333333334,680.8100000000001,3826.01,0.6378006933647489,0.7742198770285554,0.5778811415984505,0.4234269908257783,0.5733580526631104,0.39256334886012,0.446855465667782,0.5859103615375029,0.414106406639786
1577,Pınarhisar,Kırklareli,2022,398.0,3299.54,520.125,54,504.44,351.04999999999995,19.88,39.94,0.4929857421462745,16,16.562258064516133,23.70387096774193,10.63170138888889,762.4200000000001,3943.88,0.4986591733346365,0.7488632578649486,0.3701126247707865,0.3161297927444155,0.5603835692829907,0.2330408624212157,0.3264819340662933,0.6140475377610467,0.2322575869377799
1577,Pınarhisar,Kırklareli,2023,373.0,3699.885,479.74,55,360.76,143.29000000000002,36.52,26.11,0.3616234197946414,10,15.21774193548387,21.01806451612903,10.627256944444444,575.88,3779.36,0.5541683688896504,0.8182888838023267,0.6168591880883099,0.363987613541511,0.6253922289951173,0.4267655208910144,0.3615503042416147,0.6775719430710018,0.4466350268538281
1577,Pınarhisar,Kırklareli,2024,408.0,3976.645,487.195,53,492.25000000000006,337.78000000000003,39.5,7.590000000000001,0.4244331899557627,28,15.538387096774192,21.606129032258064,11.10878892733564,673.8800000000001,4062.81,0.5689421189262874,0.7714178083829064,0.3129686923355169,0.3814596993339622,0.5899056110005781,0.199827088919611,0.3852923346336411,0.6178301925629022,0.2199886346287961
1596,Saray,Tekirdağ,2017,458.0,3235.2250000000004,483.16,68,602.17,407.97,34.87,43.46,0.7009180937719612,4,15.481612903225804,19.640645161290323,7.397812499999999,696.88,4022.21,0.4329904418891429,0.8207132860485497,0.554559296198248,0.2734057918906672,0.6201585049759334,0.3574748164916722,0.252656259938221,0.6460153700338332,0.342494119234536
1596,Saray,Tekirdağ,2018,343.0,3691.445,553.215,57,754.47,484.52,43.900000000000006,91.09,0.9024671919808712,0,17.60161290322581,21.6383870967742,7.191770833333332,674.3399999999999,3904.03,0.7286172448597273,0.7744421104000262,0.3112626330803158,0.4756121254862648,0.5638169985344107,0.2006123793592902,0.4774394705065473,0.5772128440450244,0.182283740858108
1596,Saray,Tekirdağ,2019,456.0,3533.1400000000003,537.73,70,602.3399999999999,420.3,45.89,31.91,0.7337935861607782,3,17.195483870967745,21.890645161290323,7.0010763888888885,660.11,3843.55,0.6388235166755836,0.7873200108738958,0.3276688762697693,0.4426929988731161,0.5961010298872347,0.2087626332522013,0.4433422858216657,0.5910660929452498,0.210768173990394
1596,Saray,Tekirdağ,2020,352.0,3752.65,503.47,52,512.21,291.21,75.82999999999998,57.650000000000006,0.5808005027170328,1,16.2,20.675806451612896,7.446262975778548,655.2299999999999,4067.94,0.6726040627147751,0.8079140540035181,0.3862330720912454,0.4704353218839195,0.6038800226550226,0.2391750367103201,0.4656018466260318,0.6634925307609671,0.2381786553943695
1596,Saray,Tekirdağ,2021,536.0,3643.27,516.915,42,650.78,403.28,48.96,65.54,0.8020491838646017,2,16.624838709677416,20.809354838709677,7.114513888888889,680.8100000000001,3826.01,0.6716637490357221,0.7906298678797354,0.5682066106904932,0.4404205839311786,0.5842151305793309,0.3712845267023928,0.4962174042061638,0.6056971917050294,0.3826127554255626
1596,Saray,Tekirdağ,2022,438.0,3393.71,501.945,55,584.62,381.41,17.490000000000002,47.02,0.7069192485657321,1,15.900645161290322,20.910000000000004,7.197361111111111,762.4200000000001,3943.88,0.5403643334330813,0.7749060768997847,0.3857959811631253,0.3401325054483783,0.5789122372934422,0.2384288835442015,0.3482477320372505,0.6276413399968837,0.2265733400393866
1596,Saray,Tekirdağ,2023,321.0,3764.72,462.485,49,381.76,164.4,33.57,21.58,0.4713670835197645,1,14.684838709677422,18.50032258064516,7.158333333333335,575.88,3779.36,0.5625813837498519,0.7957178748842041,0.5014076565722965,0.3733421744617242,0.6098828526186152,0.333079360320326,0.3644736937144945,0.6180567966550818,0.3120566644392931
1596,Saray,Tekirdağ,2024,386.0,4064.28,482.81,55,565.8199999999999,405.67,35.77,8.19,0.6028601775496643,8,15.438709677419356,19.517741935483876,7.605813148788927,673.8800000000001,4062.81,0.6252104501012233,0.7766718656835558,0.3143959384390027,0.415726817484283,0.587245890696131,0.2033896529207647,0.4261318918825778,0.6096701792549437,0.2113937872878014
1652,Şarköy,Tekirdağ,2017,420.0,3766.86,550.03,63,524.3599999999999,387.53,24.65,32.709999999999994,0.5606859621810756,11,17.667419354838707,21.87193548387097,7.151770833333334,695.48,4103.98,0.3644610653448397,0.7327688593858763,0.406700225351559,0.2315439544356307,0.5231631713610422,0.2529473246496501,0.1981502712835903,0.5770662574453018,0.2734128661527307
1652,Şarköy,Tekirdağ,2018,351.0,4218.495,603.5500000000001,47,610.05,408.19,49.01,53.010000000000005,0.668585156520149,4,19.293548387096777,23.43,7.214270833333334,613.8000000000001,3966.41,0.684582333356837,0.7567707863389503,0.3193829399515753,0.4639816886817451,0.5471982234959386,0.204766901431123,0.4757547843007456,0.588466695114807,0.2118916543583814
1652,Şarköy,Tekirdağ,2019,380.0,3969.34,587.13,61,571.77,426.12,32.13,14.74,0.6442437171145966,15,18.73677419354839,23.00516129032258,6.940173611111111,683.9900000000001,3939.18,0.5347134513391393,0.7253524323407743,0.3343025672948702,0.3510111049792066,0.5171992826929424,0.2126641450400711,0.3745823215246243,0.5779852548541983,0.2286007113696973
1652,Şarköy,Tekirdağ,2020,352.0,4197.465,564.2350000000001,43,462.4200000000001,244.7,76.32,48.16,0.4925751489121168,3,18.15387096774193,22.59193548387097,7.233391003460207,689.65,4117.42,0.4849769579813627,0.7831496804067243,0.4097922782510627,0.3241603675830023,0.5836270323906542,0.2638905622434485,0.3002628417525104,0.6615661429642301,0.2848242601548741
1652,Şarköy,Tekirdağ,2021,527.0,4138.405000000001,573.7049999999999,26,624.5400000000001,377.41,73.58000000000001,48.27,0.7046841275312762,8,18.358709677419352,22.40741935483871,6.780729166666667,730.35,4026.23,0.6576770212192831,0.7698462895699142,0.5388054770929699,0.4337002992185049,0.5572990084583757,0.344466399151107,0.4911184011082765,0.6021101490127106,0.3879013805967279
1652,Şarköy,Tekirdağ,2022,398.0,3888.755,578.8749999999999,37,478.12,345.29999999999995,12.35,23.1,0.5110072257369191,9,18.552258064516128,23.59483870967742,7.3994791666666675,777.8999999999999,4095.46,0.4716772295125339,0.7475250895187249,0.3383871359650098,0.3011029442410164,0.5638224940065216,0.2148707672138826,0.2937471645501957,0.5988451351144228,0.2267142980717325
1652,Şarköy,Tekirdağ,2023,355.0,4218.11,516.4050000000001,33,367.0,140.95,42.77,26.26,0.4261164715942021,4,16.588387096774195,20.371290322580645,7.070069444444445,575.6500000000001,3802.11,0.541769750741498,0.8037322593832719,0.5208524098739893,0.3616335910623441,0.6037063843737804,0.3508943974667378,0.3424435991055562,0.6939586134634584,0.380191220047353
1652,Şarköy,Tekirdağ,2024,446.0,4547.969999999999,533.23,34,597.92,448.26,32.41,1.39,0.5860267966069121,21,17.217419354838714,21.27225806451613,7.446020761245675,689.61,4183.9,0.585324602478163,0.7585625759050474,0.3076893189095843,0.3889193562557971,0.562997776200188,0.197764328193715,0.4010323396151086,0.5951616078486422,0.2298836241618342
1705,Uzunköprü,Edirne,2017,354.0,3272.91,530.49,46,483.79,257.82,47.9,57.77,0.4355231501023008,16,16.99,23.63225806451613,11.577569444444444,684.0300000000001,4037.23,0.4337187693432309,0.8042682445948587,0.3743462602802856,0.2777358595668687,0.597985429968232,0.230999903809698,0.247243286975434,0.641532905519868,0.2288505624862682
1705,Uzunköprü,Edirne,2018,353.0,3645.125,575.925,60,758.1700000000001,454.41,35.48000000000001,107.69,0.7175191773224854,12,18.41064516129032,24.698387096774194,10.704583333333334,701.0600000000002,3943.71,0.6808895228576004,0.7239256366113258,0.2622896433272031,0.4378538969351034,0.5207302517066573,0.1631125632444054,0.4429926676792955,0.5309999237168135,0.1720242498570195
1705,Uzunköprü,Edirne,2019,351.0,3559.9700000000003,574.69,61,496.35,317.1700000000001,51.56,35.63999999999999,0.4565729856844301,26,18.274516129032257,25.027419354838703,11.310555555555554,673.7900000000001,3915.13,0.5248650220017211,0.7632615471288019,0.3441900117476945,0.3471331989037046,0.5684578676199642,0.219437980502877,0.3513740316036881,0.5760144377182915,0.2209392409800563
1705,Uzunköprü,Edirne,2020,322.0,3752.715,543.2449999999999,51,439.13,192.16,71.26,68.47000000000001,0.3947775486507726,15,17.3441935483871,24.115161290322582,11.6778892733564,647.6200000000001,4062.52,0.6884272798763733,0.8109183553110539,0.3233606679922047,0.5011993942249804,0.6221867644786244,0.2045946207937242,0.4890375083468998,0.6696483404157362,0.1963847966377283
1705,Uzunköprü,Edirne,2021,448.0,3555.51,533.905,58,716.1500000000001,478.68,58.6,63.760000000000005,0.7116731875883521,9,17.102258064516132,23.206129032258065,10.520138888888887,695.1699999999998,3892.06,0.6182946346881325,0.7820117400507154,0.4646681136098162,0.4055638313638372,0.581370410922478,0.2908868923075052,0.455125430911623,0.6105793764526805,0.2834255756755262
1705,Uzunköprü,Edirne,2022,402.0,3445.385,551.33,50,520.54,379.2600000000001,25.99000000000001,44.26999999999998,0.4766016451223357,27,17.686774193548384,25.150645161290324,11.32576388888889,745.6100000000001,3999.72,0.4904337334709277,0.7631345896378595,0.3538659807907263,0.3044547024201454,0.5733350629921736,0.2219007675136815,0.323454240447647,0.5952918966673862,0.2228650191357815
1705,Uzunköprü,Edirne,2023,515.0,3837.175,506.35,55,403.3,173.08000000000004,46.510000000000005,34.35,0.3829600661653471,14,16.13741935483871,22.204838709677414,11.180208333333333,566.0899999999999,3829.06,0.5880217076875551,0.821288352891323,0.3905512070758326,0.3896794387201472,0.6346622068054771,0.2478421619479552,0.4038235419366496,0.6824500708457324,0.2447440575474422
1705,Uzunköprü,Edirne,2024,370.0,4160.43,523.115,50,445.5,290.63,42.85,8.760000000000002,0.3592233282674177,31,16.666774193548388,23.37258064516129,11.814636678200692,655.75,4102.01,0.6301253956741337,0.7661961708020352,0.2802469119508234,0.4374393505327724,0.584684974315789,0.1792523207356418,0.4406728987626973,0.6146667226370592,0.1920415464277195
1714,Vize,Kırklareli,2017,420.0,3148.73,495.2750000000001,53,501.9500000000001,309.87,36.3,40.42,0.4737397276031357,13,15.884838709677416,22.041612903225804,10.853333333333332,696.88,4022.21,0.3642579464577921,0.8070795314743558,0.5842691992772389,0.2356892741698192,0.6145303257520746,0.3949021898270617,0.1812549508840868,0.6467616300106291,0.3917797711715491
1714,Vize,Kırklareli,2018,381.0,3533.31,552.38,64,733.69,443.01,43.23,101.41,0.7323884217172224,2,17.62483870967742,23.457419354838706,10.250416666666668,674.3399999999999,3904.03,0.7006106185371377,0.7598061407553712,0.3230395706303118,0.4563841740824674,0.5571596497458993,0.2085886891698907,0.4449317997106609,0.5561756524212753,0.198704521965262
1714,Vize,Kırklareli,2019,380.0,3411.715,544.2700000000001,62,493.1,333.53,47.31,28.48,0.4871634342421104,17,17.419032258064515,23.805483870967738,10.54625,660.11,3843.55,0.5857304337200487,0.793905871044004,0.3251294806820052,0.4017906516252471,0.6101744089053555,0.2116665041923317,0.3772381421054108,0.609439227591956,0.2199536613333068
1714,Vize,Kırklareli,2020,430.0,3619.28,517.6100000000001,55,438.88,219.33,72.16000000000001,69.29,0.4099515856436161,11,16.596129032258066,22.99838709677419,11.056089965397923,655.2299999999999,4067.94,0.6779039977784042,0.8091676871468286,0.3944541401518637,0.4768965060786835,0.6106652931546543,0.2543294282929554,0.4588060281464882,0.6492279147446315,0.2588618436302099
1714,Vize,Kırklareli,2021,483.0,3464.57,515.01,59,610.76,385.26,49.08,63.22,0.6360625833387289,8,16.59741935483871,22.35935483870968,10.110833333333334,680.8100000000001,3826.01,0.6817567321997777,0.7951481946930302,0.6261847287398525,0.4568544277577315,0.5932475025925509,0.432404515034426,0.4945542275819439,0.6091913270595816,0.451469134443819
1714,Vize,Kırklareli,2022,438.0,3299.54,520.125,54,504.44,351.04999999999995,19.88,39.94,0.4929857421462745,16,16.562258064516133,23.70387096774193,10.63170138888889,762.4200000000001,3943.88,0.5294767824493349,0.7765693989923853,0.4123087750146457,0.3350319793130715,0.5862304726779445,0.2571025065984757,0.3254127793288269,0.6367211827564249,0.2503514318325845
1714,Vize,Kırklareli,2023,411.0,3699.885,479.74,55,360.76,143.29000000000002,36.52,26.11,0.3616234197946414,10,15.21774193548387,21.01806451612903,10.627256944444444,575.88,3779.36,0.5681988171173379,0.8321036693496547,0.6224921384448526,0.380413981782633,0.6428596729781257,0.4346695505862028,0.3592195455555976,0.6786210219463727,0.4332664824484726
1714,Vize,Kırklareli,2024,408.0,3976.645,487.195,53,492.25000000000006,337.78000000000003,39.5,7.590000000000001,0.4244331899557627,28,15.538387096774192,21.606129032258064,11.10878892733564,673.8800000000001,4062.81,0.606360773458393,0.8001563299744573,0.3405467900775915,0.4120831257779279,0.6182836835535052,0.2239980405126003,0.4000017434072779,0.6293315478869521,0.2320085352081314
1825,Marmaraereğlisi,Tekirdağ,2017,527.0,3502.355,511.735,66,610.3299999999999,426.84,32.51,50.89,0.7720347497586303,2,16.47032258064516,19.731612903225805,5.637638888888889,695.48,4103.98,0.487089720871712,0.8192216690921841,0.2955276260307135,0.3192704745900263,0.6236713577866163,0.1703930724342738,0.278524160668998,0.6632510884186044,0.1619088321980872
1825,Marmaraereğlisi,Tekirdağ,2018,366.0,3990.67,571.585,48,701.27,458.4,51.93,78.97,0.9055264455418672,0,18.286451612903225,21.42967741935484,5.563958333333334,613.8000000000001,3966.41,0.7965686514593648,0.778786126984587,0.260040301453033,0.5565771543665438,0.5673496702171689,0.1599472728635299,0.5668726742796046,0.593373692188473,0.1594245634421164
1825,Marmaraereğlisi,Tekirdağ,2019,509.0,3800.695,563.61,64,633.5,455.05000000000007,45.63,27.13,0.8416238906918437,0,18.15258064516129,21.291290322580643,5.306284722222222,683.9900000000001,3939.18,0.6312444903090272,0.7613541330053145,0.2662215193998071,0.4350296706347117,0.5633279856796128,0.1679658952655355,0.4430122146315234,0.596578409506303,0.1807942769618724
1825,Marmaraereğlisi,Tekirdağ,2020,407.0,4020.02,529.6800000000001,46,531.09,299.88,79.61,53.38,0.6622074603329454,0,17.105483870967745,20.382580645161287,5.589204152249135,689.65,4117.42,0.5868036445006575,0.786174688554651,0.3268128163828532,0.4017412993535329,0.5897743423835022,0.1943861547257328,0.3663639223199441,0.6341337174334327,0.1833371840211268
1825,Marmaraereğlisi,Tekirdağ,2021,589.0,3930.645,541.32,28,630.27,383.7000000000001,51.00000000000001,54.74,0.8268310718069383,0,17.409032258064517,20.60322580645161,5.246180555555556,730.35,4026.23,0.745284497141298,0.8247707925688392,0.4816526893319862,0.5183642878818288,0.6279023785973016,0.2897455286647603,0.5838683041378786,0.6561115834639687,0.3155897516598162
1825,Marmaraereğlisi,Tekirdağ,2022,461.0,3675.03,533.305,44,553.3199999999999,358.82,20.730000000000004,38.67,0.7020929294674734,0,17.026774193548388,21.03548387096773,5.563402777777778,777.8999999999999,4095.46,0.5798108162892142,0.8194464636769306,0.3369648523157373,0.3801234191705025,0.6428382600268232,0.2076477781661519,0.3679778871545628,0.6753893823378802,0.2003259513370689
1825,Marmaraereğlisi,Tekirdağ,2023,373.0,4007.980000000001,485.485,37,401.14,162.68,36.69000000000001,27.58,0.5438399715122758,0,15.550645161290324,18.651935483870968,5.457083333333333,575.6500000000001,3802.11,0.6144404516491975,0.7911617935305625,0.4158014805561521,0.4171289490097543,0.6154685988380088,0.2635514480688563,0.4088956107640941,0.596352842081205,0.2605107145473829
1825,Marmaraereğlisi,Tekirdağ,2024,431.0,4318.55,505.935,36,596.39,441.74,33.92999999999999,4.73,0.6909447154849507,3,16.253225806451614,19.44129032258064,5.706920415224913,689.61,4183.9,0.631676793048606,0.7955476142037442,0.2744677714148004,0.4344520010871273,0.6109562759667412,0.1718723033040009,0.4407871245188191,0.6413430931511555,0.1850325775380767
1988,Süloğlu,Edirne,2017,332.0,3272.91,530.49,46,483.79,257.82,47.9,57.77,0.4332781016967745,16,16.99,23.63225806451613,11.577569444444444,696.88,4022.21,0.4522588411882862,0.7221245512912142,0.3765654458247892,0.3016764230259933,0.5313739844033625,0.229478959186542,0.2596683830406024,0.5510671982277117,0.2214227807254752
1988,Süloğlu,Edirne,2018,331.0,3645.125,575.925,60,758.1700000000001,454.41,35.48000000000001,107.69,0.7224146068705211,12,18.41064516129032,24.698387096774194,10.704583333333334,674.3399999999999,3904.03,0.6859313114616336,0.6947759399649122,0.2670694986536577,0.4377570428860412,0.4962569921003983,0.165800686620235,0.4331570986408774,0.5001315739271353,0.1709244008991314
1988,Süloğlu,Edirne,2019,340.0,3559.9700000000003,574.69,61,496.35,317.1700000000001,51.56,35.63999999999999,0.4631700753380257,26,18.274516129032257,25.027419354838703,11.310555555555554,660.11,3843.55,0.4995846542547267,0.711041410373221,0.3929181559309498,0.3299046227176605,0.5253484456332783,0.2494148169908101,0.3150607846606685,0.5356966787178491,0.262728566901636
1988,Süloğlu,Edirne,2020,286.0,3752.715,543.2449999999999,51,439.13,192.16,71.26,68.47000000000001,0.3913352699399225,15,17.3441935483871,24.115161290322582,11.6778892733564,655.2299999999999,4067.94,0.676490214078594,0.7134350550720124,0.2852967934956619,0.4897508354724171,0.5335830324717806,0.1803030681855584,0.4787260343565355,0.5360572122356627,0.1667126645249002
1988,Süloğlu,Edirne,2021,433.0,3555.51,533.905,58,716.1500000000001,478.68,58.6,63.760000000000005,0.7228070521708525,9,17.102258064516132,23.206129032258065,10.520138888888887,680.8100000000001,3826.01,0.6524596834574999,0.7447667173038933,0.3762872292792419,0.4338884402167474,0.5439987517728317,0.2348253563045568,0.4801027132618367,0.5680173626423028,0.2286372985383591
1988,Süloğlu,Edirne,2022,394.0,3445.385,551.33,50,520.54,379.2600000000001,25.99000000000001,44.26999999999998,0.4785209278445113,27,17.686774193548384,25.150645161290324,11.32576388888889,762.4200000000001,3943.88,0.5196057745287771,0.6913637330294492,0.2979520814601292,0.3363863933404049,0.5114409015514664,0.187844388426163,0.3391874948555972,0.5181350979522794,0.1879853810309774
1988,Süloğlu,Edirne,2023,576.0,3837.175,506.35,55,403.3,173.08000000000004,46.510000000000005,34.35,0.3859542911772928,14,16.13741935483871,22.204838709677414,11.180208333333333,575.88,3779.36,0.5787938563053541,0.791276967178865,0.4013130213022587,0.3971052833694633,0.6011286821313422,0.2482250665261024,0.3915835209146179,0.6605300444498361,0.2676888538177012
1988,Süloğlu,Edirne,2024,419.0,4160.43,523.115,50,445.5,290.63,42.85,8.760000000000002,0.3591494330327114,31,16.666774193548388,23.37258064516129,11.814636678200692,673.8800000000001,4062.81,0.6107881025311231,0.7267373047801249,0.2564547320507148,0.4312924754829612,0.5489897039869944,0.1618738005456884,0.4236006642291912,0.5664893810886362,0.1786809202325857
2094,Ergene,Tekirdağ,2017,458.0,3148.73,495.2750000000001,53,501.9500000000001,309.87,36.3,40.42,0.4737397276031357,13,15.884838709677416,22.041612903225804,10.853333333333332,696.88,4022.21,0.4715545499678792,0.8374406741515669,0.4759237575068963,0.3043691268646993,0.6423622646913927,0.2994377597992745,0.273108041173727,0.6796060435040105,0.2848961829819919
2094,Ergene,Tekirdağ,2018,351.0,3533.31,552.38,64,733.69,443.01,43.23,101.41,0.7323884217172224,2,17.62483870967742,23.457419354838706,10.250416666666668,674.3399999999999,3904.03,0.7602508468892738,0.7841174503845639,0.2937825211956734,0.5084063522148821,0.5770908573243766,0.1866353056394477,0.4985826327632283,0.5902662986144384,0.1775770464003944
2094,Ergene,Tekirdağ,2019,456.0,3411.715,544.2700000000001,62,493.1,333.53,47.31,28.48,0.4871634342421104,17,17.419032258064515,23.805483870967738,10.54625,660.11,3843.55,0.661913801347039,0.7849132889256022,0.3228265426982943,0.4743352510367746,0.5959542165296837,0.2063910999363137,0.4604314449141501,0.5998472263770985,0.2159631485052202
2094,Ergene,Tekirdağ,2020,430.0,3619.28,517.6100000000001,55,438.88,219.33,72.16000000000001,69.29,0.4099515856436161,11,16.596129032258066,22.99838709677419,11.056089965397923,655.2299999999999,4067.94,0.6972690313833989,0.8207784646598518,0.3874953701152232,0.495823093850796,0.6264469137645772,0.233065108696998,0.4896709801310918,0.6939939469939822,0.2437884169951938
2094,Ergene,Tekirdağ,2021,545.0,3464.57,515.01,59,610.76,385.26,49.08,63.22,0.6360625833387289,8,16.59741935483871,22.35935483870968,10.110833333333334,680.8100000000001,3826.01,0.6941491543611411,0.8162484748974321,0.5518365134190177,0.4636263405202772,0.621165305224157,0.3640834182789514,0.5287022840424767,0.6372368505822623,0.3765286550732608
2094,Ergene,Tekirdağ,2022,438.0,3299.54,520.125,54,504.44,351.04999999999995,19.88,39.94,0.4929857421462745,16,16.562258064516133,23.70387096774193,10.63170138888889,762.4200000000001,3943.88,0.5370450641331682,0.8093209066837234,0.3693771664303726,0.3449505019712415,0.6248244378482732,0.2283195412543531,0.3325102659336399,0.6668509942259776,0.2122177747170874
2094,Ergene,Tekirdağ,2023,336.0,3699.885,479.74,55,360.76,143.29000000000002,36.52,26.11,0.3616234197946414,10,15.21774193548387,21.01806451612903,10.627256944444444,575.88,3779.36,0.5548611264681413,0.7927721483433656,0.4808016632432719,0.3742327718122963,0.6147171029879925,0.3210840733666555,0.3506914987901915,0.6050852236150014,0.2991490536371975
2094,Ergene,Tekirdağ,2024,371.0,3976.645,487.195,53,492.25000000000006,337.78000000000003,39.5,7.590000000000001,0.4244331899557627,28,15.538387096774192,21.606129032258064,11.10878892733564,673.8800000000001,4062.81,0.6279895734812577,0.7856259925873813,0.2845010946217136,0.4163080575229351,0.6051713932770022,0.1834155844277736,0.4248322355328471,0.6230239645103731,0.1916891138583727
2095,Kapaklı,Tekirdağ,2017,420.0,3235.2250000000004,483.16,68,602.17,407.97,34.87,43.46,0.733195593705806,4,15.481612903225804,19.640645161290323,7.397812499999999,673.3499999999999,3787.32,0.4875979734419367,0.8132652428923353,0.4634741233757833,0.3028123852493641,0.6073512354297604,0.2846077247446771,0.3163292135900565,0.6353435911341223,0.2736850194672377
2095,Kapaklı,Tekirdağ,2018,290.0,3691.445,553.215,57,754.47,484.52,43.900000000000006,91.09,0.944219242451788,0,17.60161290322581,21.6383870967742,7.191770833333332,587.6999999999999,3710.55,0.6607968842905564,0.7343900331589541,0.3681808541713968,0.4213330843497504,0.5175684722586644,0.2318146730114312,0.4302953619329119,0.5377435669193378,0.2272104728325416
2095,Kapaklı,Tekirdağ,2019,380.0,3533.1400000000003,537.73,70,602.3399999999999,420.3,45.89,31.91,0.7594270768468212,3,17.195483870967745,21.890645161290323,7.0010763888888885,653.04,3666.96,0.6400135426229666,0.7391060311737182,0.3354085879880635,0.4417567870532741,0.5385938458208449,0.2111662821014238,0.4682682794382294,0.5432786160419407,0.2172939248385349
2095,Kapaklı,Tekirdağ,2020,391.0,3752.65,503.47,52,512.21,291.21,75.82999999999998,57.650000000000006,0.6027197344743304,1,16.2,20.675806451612896,7.446262975778548,654.86,3874.39,0.6541359278944573,0.7976328337797383,0.3911557785485434,0.455370107401048,0.5990861358468711,0.2426967433567872,0.4602946473672464,0.6567583452729158,0.2481766309361563
2095,Kapaklı,Tekirdağ,2021,527.0,3643.27,516.915,42,650.78,403.28,48.96,65.54,0.8156656637291524,2,16.624838709677416,20.809354838709677,7.114513888888889,681.22,3707.88,0.6931925864237902,0.767313165384549,0.518436490561123,0.4623927372572042,0.5575593017532979,0.3271348201953541,0.5344887761948368,0.5848501796165047,0.3435419721513836
2095,Kapaklı,Tekirdağ,2022,398.0,3393.71,501.945,55,584.62,381.41,17.490000000000002,47.02,0.7204421570493217,1,15.900645161290322,20.910000000000004,7.197361111111111,761.58,3809.49,0.5289851955760541,0.76837389234693,0.389231084037985,0.3305767730400213,0.567618855131531,0.2415934356648435,0.3533722697432103,0.6193001987933302,0.2317179087423888
2095,Kapaklı,Tekirdağ,2023,358.0,3764.72,462.485,49,381.76,164.4,33.57,21.58,0.485962425171175,1,14.684838709677422,18.50032258064516,7.158333333333335,576.3999999999999,3629.44,0.5473910862037861,0.7953628058458251,0.528481526955178,0.3630074762132904,0.6038287498876745,0.3538675673826716,0.3702587106279854,0.649660902482192,0.3378779826557215
2095,Kapaklı,Tekirdağ,2024,371.0,4064.28,482.81,55,565.8199999999999,405.67,35.77,8.19,0.6264416083397577,8,15.438709677419356,19.517741935483876,7.605813148788927,676.01,3874.4,0.6406902270494366,0.7448024847280764,0.3106676804664466,0.4159172829574176,0.5484433553208584,0.2008722023630058,0.4516252460025821,0.5759636936890469,0.2063748422811889
2096,Süleymanpaşa,Tekirdağ,2017,458.0,3444.4750000000004,519.705,65,535.49,357.32000000000005,28.89,45.42999999999999,0.5367115783907817,10,16.690967741935488,21.734193548387097,8.684548611111111,695.48,4103.98,0.4781121126856961,0.8249020670708999,0.4917004326930737,0.3122757825299116,0.6249666088817287,0.3157516550603194,0.2700971637623525,0.6941151385582535,0.3284747572997844
2096,Süleymanpaşa,Tekirdağ,2018,336.0,3889.63,576.5649999999999,54,693.3799999999999,450.12,38.52,83.98,0.7260330088654526,2,18.40322580645161,23.19,8.399687499999999,613.8000000000001,3966.41,0.7344309230883349,0.7806467597981729,0.2680146648528153,0.4937587764847955,0.5759010494071399,0.1690988639912558,0.4705908660155352,0.6179631796608759,0.1674970356815352
2096,Süleymanpaşa,Tekirdağ,2019,433.0,3695.905,566.9650000000001,66,537.84,379.59,40.370000000000005,21.8,0.5655724501213801,14,18.18129032258064,23.116774193548384,8.343715277777777,683.9900000000001,3939.18,0.6223715411966331,0.7967861392486651,0.377127131290084,0.4282562176806468,0.6019335441677113,0.2377636077445432,0.4388167127820745,0.6411340961054146,0.2595562606762189
2096,Süleymanpaşa,Tekirdağ,2020,375.0,3929.29,540.555,50,461.77,224.69,84.86999999999999,60.78,0.4610703092740688,6,17.358387096774194,22.42354838709677,8.739307958477507,689.65,4117.42,0.6600978521596564,0.8295857743037774,0.3489153078512225,0.4626659304884519,0.638963328313083,0.2111872426168458,0.4462405306517351,0.7198702156237532,0.2178561797777291
2096,Süleymanpaşa,Tekirdağ,2021,554.0,3818.0,544.74,39,644.16,399.12,69.66,56.11,0.6844184950645856,8,17.46903225806452,22.21129032258065,8.008993055555555,730.35,4026.23,0.6915170555675434,0.8255439035777311,0.6567716292839398,0.4589698944169905,0.6249501963881784,0.4408249618628543,0.5252087800486109,0.6665588735856087,0.4739141180265666
2096,Süleymanpaşa,Tekirdağ,2022,438.0,3608.46,550.65,50,487.48,339.54,19.1,32.1,0.4914189203298519,10,17.546774193548384,23.60354838709678,8.661701388888888,777.8999999999999,4095.46,0.5635584007644742,0.8196426374124973,0.3545053553493626,0.3617653313219121,0.6433926483461455,0.2201433831978338,0.351717310844796,0.6655813873786206,0.2179930394239609
2096,Süleymanpaşa,Tekirdağ,2023,355.0,3967.485,497.89,47,361.31,143.14,35.46,27.91,0.3881756183044367,6,15.881612903225806,20.64645161290322,8.55875,575.6500000000001,3802.11,0.6080933949206518,0.8332630573774722,0.4919373415236209,0.4059202700339348,0.6581434716191442,0.33407982825798,0.386880752802254,0.6980450162717108,0.3408878917539611
2096,Süleymanpaşa,Tekirdağ,2024,460.0,4276.360000000001,512.235,48,542.39,395.52,31.230000000000008,4.199999999999999,0.4986182955821726,24,16.412903225806453,21.41258064516129,8.750588235294117,689.61,4183.9,0.6247507766806029,0.8139308717703102,0.2924741969063011,0.4109488835152451,0.6323596609796642,0.1873309861151123,0.419729675985955,0.6552265532401873,0.2086499662871621
