il,year,crop,urun_tr,ekilen_alan_da,hasat_alan_da,verim_kg_da,uretim_ton
Edirne,2004,aycicegi_yaglik,Ayçiçeği (Yağlık),1008630.0,1008630.0,171.0,172346.0
Edirne,2005,aycicegi_yaglik,Ayçiçeği (Yağlık),1044910.0,1044910.0,179.0,187410.0
Edirne,2006,aycicegi_yaglik,Ayçiçeği (Yağlık),1066434.0,1066434.0,202.0,215510.0
Edirne,2007,aycicegi_yaglik,Ayçiçeği (Yağlık),1024779.0,1024779.0,164.0,168031.0
Edirne,2008,aycicegi_yaglik,Ayçiçeği (Yağlık),1081901.0,1081901.0,167.0,181149.0
Edirne,2009,aycicegi_yaglik,Ayçiçeği (Yağlık),1093371.0,1093371.0,181.0,198437.0
Edirne,2010,aycicegi_yaglik,Ayçiçeği (Yağlık),1153124.0,1153124.0,289.0,332894.0
Edirne,2011,aycicegi_yaglik,Ayçiçeği (Yağlık),1120561.0,1120561.0,215.0,240417.0
Edirne,2012,aycicegi_yaglik,Ayçiçeği (Yağlık),896054.0,896054.0,197.0,176862.0
Edirne,2013,aycicegi_yaglik,Ayçiçeği (Yağlık),775385.0,775385.0,227.0,175857.0
Edirne,2014,aycicegi_yaglik,Ayçiçeği (Yağlık),903930.0,891735.0,290.0,258568.0
Edirne,2015,aycicegi_yaglik,Ayçiçeği (Yağlık),984061.0,984061.0,230.0,226573.0
Edirne,2016,aycicegi_yaglik,Ayçiçeği (Yağlık),988286.0,988286.0,225.0,222064.0
Edirne,2017,aycicegi_yaglik,Ayçiçeği (Yağlık),1008114.0,1008114.0,243.0,244655.0
Edirne,2018,aycicegi_yaglik,Ayçiçeği (Yağlık),954502.0,954502.0,248.0,237136.0
Edirne,2019,aycicegi_yaglik,Ayçiçeği (Yağlık),950498.0,950498.0,263.0,249569.0
Edirne,2020,aycicegi_yaglik,Ayçiçeği (Yağlık),909155.0,909155.0,264.0,240434.0
Edirne,2021,aycicegi_yaglik,Ayçiçeği (Yağlık),1073508.0,1073508.0,266.0,285286.0
Edirne,2022,aycicegi_yaglik,Ayçiçeği (Yağlık),1260318.0,1260318.0,259.0,325812.0
Edirne,2023,aycicegi_yaglik,Ayçiçeği (Yağlık),1294200.0,1294200.0,199.0,257651.0
Edirne,2024,aycicegi_yaglik,Ayçiçeği (Yağlık),1266060.0,1266060.0,137.0,173878.0
Edirne,2025,aycicegi_yaglik,Ayçiçeği (Yağlık),1238368.0,1238368.0,140.0,173258.0
Kırklareli,2004,aycicegi_yaglik,Ayçiçeği (Yağlık),662880.0,662880.0,165.0,109519.0
Kırklareli,2005,aycicegi_yaglik,Ayçiçeği (Yağlık),652470.0,652470.0,164.0,106835.0
Kırklareli,2006,aycicegi_yaglik,Ayçiçeği (Yağlık),680293.0,680293.0,184.0,125097.0
Kırklareli,2007,aycicegi_yaglik,Ayçiçeği (Yağlık),655199.0,655199.0,181.0,118465.0
Kırklareli,2008,aycicegi_yaglik,Ayçiçeği (Yağlık),671777.0,671777.0,174.0,116610.0
Kırklareli,2009,aycicegi_yaglik,Ayçiçeği (Yağlık),676204.0,676204.0,179.0,121017.0
Kırklareli,2010,aycicegi_yaglik,Ayçiçeği (Yağlık),775759.0,775759.0,180.0,139407.0
Kırklareli,2011,aycicegi_yaglik,Ayçiçeği (Yağlık),737233.0,737233.0,178.0,130889.0
Kırklareli,2012,aycicegi_yaglik,Ayçiçeği (Yağlık),454116.0,454116.0,228.0,103314.0
Kırklareli,2013,aycicegi_yaglik,Ayçiçeği (Yağlık),593194.0,593030.0,247.0,146682.0
Kırklareli,2014,aycicegi_yaglik,Ayçiçeği (Yağlık),641145.0,641145.0,258.0,165206.0
Kırklareli,2015,aycicegi_yaglik,Ayçiçeği (Yağlık),733520.0,733520.0,258.0,188998.0
Kırklareli,2016,aycicegi_yaglik,Ayçiçeği (Yağlık),782569.0,782569.0,218.0,170278.0
Kırklareli,2017,aycicegi_yaglik,Ayçiçeği (Yağlık),780591.0,780591.0,248.0,193784.0
Kırklareli,2018,aycicegi_yaglik,Ayçiçeği (Yağlık),750021.0,750021.0,258.0,193169.0
Kırklareli,2019,aycicegi_yaglik,Ayçiçeği (Yağlık),740511.0,740511.0,285.0,210930.0
Kırklareli,2020,aycicegi_yaglik,Ayçiçeği (Yağlık),778064.0,778064.0,291.0,226320.0
Kırklareli,2021,aycicegi_yaglik,Ayçiçeği (Yağlık),911619.0,911619.0,248.0,226163.0
Kırklareli,2022,aycicegi_yaglik,Ayçiçeği (Yağlık),969540.0,969540.0,235.0,227791.0
Kırklareli,2023,aycicegi_yaglik,Ayçiçeği (Yağlık),977300.0,977300.0,195.0,190308.0
Kırklareli,2024,aycicegi_yaglik,Ayçiçeği (Yağlık),970409.0,950409.0,194.0,184459.0
Kırklareli,2025,aycicegi_yaglik,Ayçiçeği (Yağlık),990839.0,990839.0,113.0,111602.0
Tekirdağ,2004,aycicegi_yaglik,Ayçiçeği (Yağlık),1366770.0,1366770.0,184.0,251003.0
Tekirdağ,2005,aycicegi_yaglik,Ayçiçeği (Yağlık),1378210.0,1375280.0,193.0,265542.0
Tekirdağ,2006,aycicegi_yaglik,Ayçiçeği (Yağlık),1412198.0,1412198.0,215.0,303318.0
Tekirdağ,2007,aycicegi_yaglik,Ayçiçeği (Yağlık),1325601.0,1325601.0,121.0,161023.0
Tekirdağ,2008,aycicegi_yaglik,Ayçiçeği (Yağlık),1332332.0,1332332.0,188.0,249919.0
Tekirdağ,2009,aycicegi_yaglik,Ayçiçeği (Yağlık),1293361.0,1293361.0,183.0,236079.0
Tekirdağ,2010,aycicegi_yaglik,Ayçiçeği (Yağlık),1365073.0,1365073.0,190.0,259562.0
Tekirdağ,2011,aycicegi_yaglik,Ayçiçeği (Yağlık),1292900.0,1292900.0,196.0,253471.0
Tekirdağ,2012,aycicegi_yaglik,Ayçiçeği (Yağlık),1008908.0,1008908.0,176.0,177837.0
Tekirdağ,2013,aycicegi_yaglik,Ayçiçeği (Yağlık),925469.0,925469.0,229.0,211671.0
Tekirdağ,2014,aycicegi_yaglik,Ayçiçeği (Yağlık),1132689.0,1132689.0,230.0,260753.0
Tekirdağ,2015,aycicegi_yaglik,Ayçiçeği (Yağlık),1284677.0,1284677.0,208.0,267012.0
Tekirdağ,2016,aycicegi_yaglik,Ayçiçeği (Yağlık),1420265.0,1420265.0,200.0,283838.0
Tekirdağ,2017,aycicegi_yaglik,Ayçiçeği (Yağlık),1567329.0,1567329.0,235.0,368125.0
Tekirdağ,2018,aycicegi_yaglik,Ayçiçeği (Yağlık),1481286.0,1479821.0,235.0,347502.0
Tekirdağ,2019,aycicegi_yaglik,Ayçiçeği (Yağlık),1365350.0,1365350.0,251.0,342299.0
Tekirdağ,2020,aycicegi_yaglik,Ayçiçeği (Yağlık),1424669.0,1424669.0,248.0,353982.0
Tekirdağ,2021,aycicegi_yaglik,Ayçiçeği (Yağlık),1663007.0,1663007.0,240.0,399531.0
Tekirdağ,2022,aycicegi_yaglik,Ayçiçeği (Yağlık),1709256.0,1709256.0,196.0,335561.0
Tekirdağ,2023,aycicegi_yaglik,Ayçiçeği (Yağlık),1746150.0,1746150.0,115.0,201200.0
Tekirdağ,2024,aycicegi_yaglik,Ayçiçeği (Yağlık),1688960.0,1688960.0,172.0,289720.0
Tekirdağ,2025,aycicegi_yaglik,Ayçiçeği (Yağlık),1702321.0,1702321.0,130.0,221806.0
Edirne,2004,bugday,Buğday,1961610.0,1961610.0,321.0,629379.0
Edirne,2005,bugday,Buğday,1971510.0,1971510.0,352.0,693353.0
Edirne,2006,bugday,Buğday,1859743.0,1859743.0,325.0,604656.0
Edirne,2007,bugday,Buğday,1683356.0,1683356.0,420.0,706750.0
Edirne,2008,bugday,Buğday,1593529.0,1593529.0,422.0,672274.0
Edirne,2009,bugday,Buğday,1522547.0,1522547.0,343.0,522973.0
Edirne,2010,bugday,Buğday,1731589.0,1731589.0,399.0,691718.0
Edirne,2011,bugday,Buğday,1492870.0,1492870.0,303.0,451743.0
Edirne,2012,bugday,Buğday,1322160.0,1322160.0,455.0,601804.0
Edirne,2013,bugday,Buğday,1392230.0,1392230.0,365.0,508624.0
Edirne,2014,bugday,Buğday,1456956.0,1456956.0,424.0,618207.0
Edirne,2015,bugday,Buğday,1372357.0,1372357.0,356.0,488125.0
Edirne,2016,bugday,Buğday,1442775.0,1442775.0,362.0,522970.0
Edirne,2017,bugday,Buğday,1396181.0,1396181.0,362.0,505460.0
Edirne,2018,bugday,Buğday,1393895.0,1393895.0,346.0,482849.0
Edirne,2019,bugday,Buğday,1304398.0,1304398.0,381.0,497094.0
Edirne,2020,bugday,Buğday,1336025.0,1336025.0,358.0,478412.0
Edirne,2021,bugday,Buğday,1352661.0,1352661.0,474.0,641384.0
Edirne,2022,bugday,Buğday,1284930.0,1284930.0,407.0,522535.0
Edirne,2023,bugday,Buğday,1351806.0,1351806.0,536.0,724119.0
Edirne,2024,bugday,Buğday,1412420.0,1412420.0,388.0,547866.0
Edirne,2025,bugday,Buğday,1463073.0,1463073.0,342.0,500597.0
Kırklareli,2004,bugday,Buğday,1389780.0,1389780.0,326.0,453402.0
Kırklareli,2005,bugday,Buğday,1362670.0,1357810.0,333.0,451716.0
Kırklareli,2006,bugday,Buğday,1273476.0,1273476.0,306.0,390007.0
Kırklareli,2007,bugday,Buğday,1207941.0,1207941.0,383.0,462198.0
Kırklareli,2008,bugday,Buğday,1234697.0,1234697.0,390.0,481042.0
Kırklareli,2009,bugday,Buğday,1178828.0,1178724.0,308.0,362672.0
Kırklareli,2010,bugday,Buğday,1084522.0,1084522.0,283.0,307107.0
Kırklareli,2011,bugday,Buğday,1127441.0,1127284.0,324.0,365081.0
Kırklareli,2012,bugday,Buğday,1033267.0,1033267.0,402.0,415520.0
Kırklareli,2013,bugday,Buğday,1162476.0,1162476.0,378.0,439110.0
Kırklareli,2014,bugday,Buğday,1281535.0,1281535.0,407.0,521985.0
Kırklareli,2015,bugday,Buğday,1191209.0,1191209.0,346.0,412341.0
Kırklareli,2016,bugday,Buğday,1248174.0,1248174.0,381.0,475796.0
Kırklareli,2017,bugday,Buğday,1264579.0,1264579.0,437.0,552431.0
Kırklareli,2018,bugday,Buğday,1289680.0,1289680.0,390.0,503107.0
Kırklareli,2019,bugday,Buğday,1187839.0,1187839.0,393.0,467149.0
Kırklareli,2020,bugday,Buğday,1192880.0,1192880.0,390.0,465177.0
Kırklareli,2021,bugday,Buğday,1173635.0,1173635.0,460.0,540216.0
Kırklareli,2022,bugday,Buğday,1121187.0,1121187.0,400.0,448115.0
Kırklareli,2023,bugday,Buğday,1140970.0,1140970.0,378.0,431530.0
Kırklareli,2024,bugday,Buğday,1202863.0,1181363.0,395.0,467029.0
Kırklareli,2025,bugday,Buğday,1254172.0,1254172.0,303.0,379488.0
Tekirdağ,2004,bugday,Buğday,1929970.0,1929970.0,428.0,826376.0
Tekirdağ,2005,bugday,Buğday,1918320.0,1915400.0,405.0,775976.0
Tekirdağ,2006,bugday,Buğday,1775733.0,1775733.0,340.0,604370.0
Tekirdağ,2007,bugday,Buğday,1647575.0,1647575.0,436.0,718437.0
Tekirdağ,2008,bugday,Buğday,1697542.0,1697542.0,465.0,788540.0
Tekirdağ,2009,bugday,Buğday,1631337.0,1631337.0,372.0,607620.0
Tekirdağ,2010,bugday,Buğday,1581457.0,1581457.0,322.0,508482.0
Tekirdağ,2011,bugday,Buğday,1671047.0,1671047.0,355.0,592982.0
Tekirdağ,2012,bugday,Buğday,1593275.0,1593275.0,489.0,779347.0
Tekirdağ,2013,bugday,Buğday,1683887.0,1669649.0,378.0,631164.0
Tekirdağ,2014,bugday,Buğday,1724123.0,1714123.0,430.0,737284.0
Tekirdağ,2015,bugday,Buğday,1841841.0,1829499.0,407.0,744257.0
Tekirdağ,2016,bugday,Buğday,1924983.0,1924983.0,429.0,825714.0
Tekirdağ,2017,bugday,Buğday,1922560.0,1922560.0,459.0,882674.0
Tekirdağ,2018,bugday,Buğday,1877991.0,1877982.0,340.0,637685.0
Tekirdağ,2019,bugday,Buğday,1899117.0,1899117.0,451.0,857020.0
Tekirdağ,2020,bugday,Buğday,1966333.0,1966333.0,392.0,769915.0
Tekirdağ,2021,bugday,Buğday,1924125.0,1924125.0,534.0,1026611.0
Tekirdağ,2022,bugday,Buğday,1927820.0,1927820.0,421.0,811950.0
Tekirdağ,2023,bugday,Buğday,1959732.0,1959732.0,351.0,687601.0
Tekirdağ,2024,bugday,Buğday,1933066.0,1933066.0,419.0,809729.0
Tekirdağ,2025,bugday,Buğday,1917803.0,1917803.0,347.0,665016.0
