prediction_date,target_date,predicted_ndvi,last_observed_ndvi,residual_delta,predicted_ndvi_scaled,climatology_ndvi,anomaly_vs_climatology
2025-01-30,2025-02-06,0.3212872366189957,0.17403000593185425,0.14725723068714147,0.49400782585144043,0.38580000000000003,-0.06451276338100431
2025-01-31,2025-02-07,0.3223901627063752,0.171750009059906,0.1506401536464692,0.49559545516967773,0.38580000000000003,-0.06340983729362482
2025-02-01,2025-02-08,0.3332665062487126,0.17985500395298004,0.15341150229573258,0.5112516283988953,0.3989833333333333,-0.06571682708462068
2025-02-02,2025-02-09,0.3433713066995145,0.18795999884605408,0.1554113078534604,0.5257971882820129,0.3989833333333333,-0.05561202663381881
2025-02-03,2025-02-10,0.35232179454565055,0.1960650086402893,0.15625678590536124,0.538681149482727,0.365025,-0.012703205454349442
2025-02-04,2025-02-11,0.35981466097235687,0.20416998863220215,0.15564467234015472,0.5494669079780579,0.42534999999999995,-0.06553533902764308
2025-02-05,2025-02-12,0.3657749172747136,0.21227501332759857,0.15349990394711505,0.5580465197563171,0.42534999999999995,-0.05957508272528633
2025-02-06,2025-02-13,0.37034185776710515,0.2203799933195114,0.14996186444759374,0.5646204948425293,0.3232125,0.04712935776710514
2025-02-07,2025-02-14,0.3736087732017041,0.22848501801490784,0.14512375518679627,0.5693231225013733,0.3629361111111111,0.010672662090592977
2025-02-08,2025-02-15,0.3757709820330144,0.23658999800682068,0.13918098402619372,0.5724355578422546,0.33172916666666674,0.04404181536634766
2025-02-09,2025-02-16,0.3768863717317582,0.2446950078010559,0.1321913639307023,0.5740411281585693,0.33172916666666674,0.045157205065091466
2025-02-10,2025-02-17,0.37713071648478513,0.25280001759529114,0.124330698889494,0.5743928551673889,0.33172916666666674,0.04540154981811839
2025-02-11,2025-02-18,0.3471191270589829,0.23038500547409058,0.11673412158489233,0.5311920642852783,0.3462527777777778,0.0008663492812051032
2025-02-12,2025-02-19,0.3190466850876809,0.2079700082540512,0.1110766768336297,0.49078261852264404,0.31976458333333335,-0.0007178982456524374
2025-02-13,2025-02-20,0.2935307741105557,0.18555501103401184,0.10797576307654388,0.45405322313308716,0.3526611111111111,-0.059130337000555366
2025-02-14,2025-02-21,0.27288774180710323,0.16313999891281128,0.10974774289429196,0.4243381917476654,0.30779999999999996,-0.03491225819289673
2025-02-15,2025-02-22,0.25700783800482757,0.1407250016927719,0.11628283631205566,0.4014795422554016,0.30779999999999996,-0.05079216199517239
2025-02-16,2025-02-23,0.2438858705312014,0.11831000447273254,0.12557586605846885,0.3825908601284027,0.34807499999999997,-0.10418912946879857
2025-02-17,2025-02-24,0.23157453468441966,0.09589499980211258,0.13567953488230708,0.36486905813217163,0.34807499999999997,-0.11650046531558031
2025-02-18,2025-02-25,0.2190471145987511,0.07348000258207321,0.14556711201667788,0.3468362092971802,0.3344625,-0.1154153854012489
2025-02-19,2025-02-26,0.20489441474676134,0.05106499791145325,0.1538294168353081,0.32646381855010986,0.42862500000000003,-0.2237305852532387
2025-02-20,2025-02-27,0.18931156724989417,0.02865000255405903,0.16066156469583515,0.3040327727794647,0.42862500000000003,-0.23931343275010586
2025-02-21,2025-02-28,0.20446783626079562,0.03902667015790939,0.16544116610288623,0.3258497714996338,0.43776249999999994,-0.23329466373920432
2025-02-22,2025-03-01,0.21752941111922267,0.04940333217382431,0.16812607894539836,0.3446515202522278,0.39229166666666665,-0.17476225554744398
2025-02-23,2025-03-02,0.22877264445722104,0.059780001640319824,0.1689926428169012,0.36083582043647766,0.37412499999999993,-0.1453523555427789
2025-02-24,2025-03-03,0.23889110933244231,0.07015667110681534,0.16873443822562698,0.3754010498523712,0.37412499999999993,-0.13523389066755762
2025-02-25,2025-03-04,0.24797180258035664,0.08053333312273026,0.1674384694576264,0.38847243785858154,0.37412499999999993,-0.1261531974196433
2025-02-26,2025-03-05,0.25660036900937566,0.09091000258922577,0.1656903664201499,0.4008930027484894,0.3990333333333333,-0.14243296432395763
2025-02-27,2025-03-06,0.26534156342148785,0.10128667205572128,0.16405489136576656,0.4134756922721863,0.39480624999999997,-0.12946468657851212
2025-02-28,2025-03-07,0.27395634120404727,0.1116633266210556,0.16229301458299167,0.4258764088153839,0.3774416666666667,-0.1034853254626194
2025-03-01,2025-03-08,0.28195731718242173,0.12204000353813171,0.15991731364429002,0.43739357590675354,0.4154875,-0.13353018281757828
2025-03-02,2025-03-09,0.28927142809331424,0.13241666555404663,0.1568547625392676,0.447922021150589,0.4154875,-0.12621607190668577
2025-03-03,2025-03-10,0.2957071028470994,0.14279332756996155,0.15291377527713784,0.4571859836578369,0.38255,-0.08684289715290061
2025-03-04,2025-03-11,0.30114252102971084,0.15316998958587646,0.14797253144383438,0.4650101065635681,0.4275,-0.12635747897028915
2025-03-05,2025-03-12,0.3054897541403771,0.16354668140411377,0.14194307273626333,0.47126781940460205,0.42038333333333333,-0.11489357919295623
2025-03-06,2025-03-13,0.3093663927555085,0.1739233434200287,0.1354430493354798,0.47684812545776367,0.4395125,-0.1301461072444915
2025-03-07,2025-03-14,0.3131374012291432,0.1842999905347824,0.12883741069436078,0.48227638006210327,0.4395125,-0.1263750987708568
2025-03-08,2025-03-15,0.3055278696030379,0.1814071536064148,0.12412071599662311,0.4713226854801178,0.4571416666666666,-0.1516137970636287
2025-03-09,2025-03-16,0.29890004405677323,0.1785142868757248,0.12038575718104844,0.4617821276187897,0.42103124999999997,-0.12213120594322674
2025-03-10,2025-03-17,0.29384958997666843,0.17562143504619598,0.11822815493047245,0.4545121490955353,0.4558166666666666,-0.16196707668999816
2025-03-11,2025-03-18,0.292283087939024,0.17272856831550598,0.11955451962351804,0.4522572159767151,0.40254999999999996,-0.11026691206097594
2025-03-12,2025-03-19,0.2941029822349549,0.16983570158481598,0.12426728065013892,0.4548768997192383,0.40254999999999996,-0.10844701776504506
2025-03-13,2025-03-20,0.29839829053282746,0.16694286465644836,0.1314554258763791,0.4610598683357239,0.3982333333333334,-0.09983504280050592
2025-03-14,2025-03-21,0.3038442261815072,0.16404999792575836,0.13979422825574883,0.468899130821228,0.4098375,-0.10599327381849283
2025-03-15,2025-03-22,0.31354308970868594,0.16538125276565552,0.14816183694303042,0.48286035656929016,0.38231666666666664,-0.0687735769579807
2025-03-16,2025-03-23,0.3221827118992806,0.16671249270439148,0.15547021919488913,0.495296835899353,0.417125,-0.09494228810071942
2025-03-17,2025-03-24,0.3273534129142762,0.16804376244544983,0.1593096504688264,0.5027399063110352,0.417125,-0.0897715870857238
2025-03-18,2025-03-25,0.3289837857842446,0.1693750023841858,0.1596087834000588,0.5050867795944214,0.423875,-0.09489121421575542
2025-03-19,2025-03-26,0.3278978367090226,0.17070625722408295,0.15719157948493967,0.503523588180542,0.41929374999999997,-0.09139591329097735
2025-03-20,2025-03-27,0.3244447952508927,0.1720374971628189,0.1524072980880738,0.4985530376434326,0.42919166666666664,-0.10474687141577393
2025-03-21,2025-03-28,0.31882283697128305,0.17336875200271606,0.145454084968567,0.4904603958129883,0.42146249999999996,-0.10263966302871691
2025-03-22,2025-03-29,0.311935345953703,0.17469999194145203,0.13723535401225095,0.4805460572242737,0.42146249999999996,-0.10952715404629698
2025-03-23,2025-03-30,0.3033761161267758,0.1743060052394867,0.1290701108872891,0.46822530031204224,0.42388055555555554,-0.12050443942877975
2025-03-24,2025-03-31,0.2975491914808751,0.17391201853752136,0.12363717294335375,0.4598376154899597,0.44760625,-0.15005705851912488
2025-03-25,2025-04-01,0.29449167299866685,0.17351800203323364,0.12097367096543321,0.4554364085197449,0.4510166666666666,-0.15652499366799977
2025-03-26,2025-04-02,0.2928100378334523,0.1731240153312683,0.11968602250218396,0.4530157446861267,0.47375,-0.18093996216654773
2025-03-27,2025-04-03,0.29194820602238186,0.1727299988269806,0.11921820719540127,0.4517751634120941,0.47375,-0.18180179397761814
2025-03-28,2025-04-04,0.29098186206817633,0.17233601212501526,0.11864584994316107,0.45038414001464844,0.49125555555555556,-0.20027369348737922
2025-03-29,2025-04-05,0.2897509872794152,0.17194199562072754,0.11780899165868763,0.4486123323440552,0.5058041666666667,-0.21605317938725155
2025-03-30,2025-04-06,0.2882999910354615,0.1715480089187622,0.1167519821166993,0.44652366638183594,0.5315,-0.24320000896453847
2025-03-31,2025-04-07,0.2870965693175793,0.1711539924144745,0.11594257690310483,0.44479137659072876,0.5378583333333333,-0.250761764015754
2025-04-01,2025-04-08,0.28565306780338295,0.17076000571250916,0.1148930620908738,0.44271349906921387,0.5378583333333333,-0.2522052655299504
2025-04-02,2025-04-09,0.2838017246276141,0.17036600410938263,0.11343572051823148,0.44004854559898376,0.5436444444444444,-0.25984271981683027
2025-04-03,2025-04-10,0.2821145615816117,0.1699720025062561,0.11214255907535559,0.4376199245452881,0.5436833333333333,-0.2615687717517216
2025-04-04,2025-04-11,0.279504615110159,0.16957801580429077,0.10992659930586823,0.43386298418045044,0.5494888888888889,-0.2699842737787299
2025-04-05,2025-04-12,0.2781044463843108,0.16918399930000305,0.10892044708430776,0.431847482919693,0.5495083333333333,-0.27140388694902245
2025-04-06,2025-04-13,0.27606225674748425,0.16879001259803772,0.10727224414944653,0.4289078116416931,0.5495083333333333,-0.273446076585849
2025-04-07,2025-04-14,0.27234056442379956,0.16839599609375,0.10394456833004956,0.423550546169281,0.5502888888888888,-0.27794832446508927
2025-04-08,2025-04-15,0.26723737808763987,0.16800200939178467,0.0992353686958552,0.41620466113090515,0.5594166666666666,-0.2921792885790267
2025-04-09,2025-04-16,0.26158510963022713,0.16760800778865814,0.09397710184156899,0.40806838870048523,0.5608166666666666,-0.2992315570364395
2025-04-10,2025-04-17,0.25665670370459565,0.16721400618553162,0.08944269751906403,0.4009740948677063,0.5693249999999999,-0.3126682962954042
2025-04-11,2025-04-18,0.25213150181770333,0.1668200045824051,0.08531149723529824,0.39446020126342773,0.5693249999999999,-0.31719349818229653
2025-04-12,2025-04-19,0.24885539395213133,0.16642600297927856,0.08242939097285276,0.3897443413734436,0.530925,-0.2820696060478687
2025-04-13,2025-04-20,0.24638490742444993,0.16603200137615204,0.0803529060482979,0.3861881494522095,0.53283125,-0.28644634257555
2025-04-14,2025-04-21,0.2461000041753054,0.1656379997730255,0.08046200440227988,0.3857780396938324,0.5264916666666667,-0.28039166249136127
2025-04-15,2025-04-22,0.24760180723369127,0.165243998169899,0.08235780906379228,0.38793984055519104,0.49633750000000004,-0.24873569276630877
2025-04-16,2025-04-23,0.2503233672082425,0.16484999656677246,0.08547337064147004,0.39185744524002075,0.49633750000000004,-0.24601413279175754
2025-04-17,2025-04-24,0.25710013498067863,0.166920006275177,0.09018012870550163,0.40161240100860596,0.47295833333333337,-0.21585819835265474
2025-04-18,2025-04-25,0.26412894927263264,0.16899000108242035,0.09513894819021229,0.41173017024993896,0.4880354166666667,-0.22390646739403408
2025-04-19,2025-04-26,0.2708097762227059,0.1710599958896637,0.09974978033304222,0.4213470220565796,0.499338888888889,-0.2285291126661831
2025-04-20,2025-04-27,0.2768036552906037,0.17312999069690704,0.10367366459369665,0.4299750328063965,0.4797333333333334,-0.2029296780427297
2025-04-21,2025-04-28,0.2832307380199433,0.17520001530647278,0.10803072271347053,0.4392266273498535,0.4797333333333334,-0.1965025953133901
2025-04-22,2025-04-29,0.282159157294035,0.17012499272823334,0.11203416456580167,0.4376841187477112,0.48210555555555556,-0.19994639826152055
2025-04-23,2025-04-30,0.2805410824060441,0.16505001485347748,0.1154910675525666,0.43535494804382324,0.4960072916666667,-0.2154662092606226
2025-04-24,2025-05-01,0.28573459886908537,0.16776876151561737,0.117965837353468,0.4428308606147766,0.5192763888888888,-0.23354179001980346
2025-04-25,2025-05-02,0.29068770427703866,0.17048749327659607,0.12020021100044259,0.44996070861816406,0.51228125,-0.22159354572296136
2025-04-26,2025-05-03,0.29550379277467737,0.17320623993873596,0.1222975528359414,0.45689332485198975,0.51228125,-0.21677745722532266
2025-04-27,2025-05-04,0.2990736443579198,0.17592501640319824,0.12314862795472153,0.4620320200920105,0.5254583333333334,-0.22638468897541358
2025-04-28,2025-05-05,0.30130628708601004,0.17864374816417694,0.1226625389218331,0.4652458429336548,0.54323125,-0.24192496291399002
2025-04-29,2025-05-06,0.3018745201051236,0.18136249482631683,0.12051202527880678,0.46606379747390747,0.5620250000000001,-0.2601504798948765
2025-04-30,2025-05-07,0.30121328618526466,0.18408124148845673,0.11713204469680794,0.46511197090148926,0.5741812500000001,-0.2729679638147354
2025-05-01,2025-05-08,0.2999865107238293,0.1868000030517578,0.1131865076720715,0.46334606409072876,0.5741812500000001,-0.2741947392761708
2025-05-02,2025-05-09,0.2867305283725262,0.1774750053882599,0.10925552298426633,0.4442644715309143,0.5655708333333332,-0.27884030496080703
2025-05-03,2025-05-10,0.27404795495867734,0.16814999282360077,0.10589796213507657,0.42600828409194946,0.5662322916666667,-0.2921843367079893
2025-05-04,2025-05-11,0.27248197051286704,0.1674666702747345,0.10501530023813255,0.42375409603118896,0.5710388888888889,-0.29855691837602183
2025-05-05,2025-05-12,0.27355141876041894,0.16678334772586823,0.10676807103455072,0.42529353499412537,0.5582833333333334,-0.2847319145729144
2025-05-06,2025-05-13,0.27805691075026995,0.16609999537467957,0.11195691537559038,0.43177905678749084,0.5582833333333334,-0.2802264225830634
2025-05-07,2025-05-14,0.30243741157650955,0.18421000242233276,0.11822740915417679,0.46687406301498413,0.5619805555555555,-0.25954314397904593
2025-05-08,2025-05-15,0.3247808572769166,0.20231999456882477,0.12246086270809181,0.4990367889404297,0.5360729166666667,-0.2112920593897501
2025-05-09,2025-05-16,0.3451731887996197,0.22043000161647797,0.12474318718314176,0.5283909440040588,0.5319805555555556,-0.18680736675593584
2025-05-10,2025-05-17,0.36111762595176705,0.23853999376296997,0.12257763218879708,0.5513424873352051,0.5138625000000001,-0.15274487404823306
2025-05-11,2025-05-18,0.37315151187181483,0.25665000081062317,0.11650151106119166,0.5686649084091187,0.5138625000000001,-0.14071098812818528
2025-05-12,2025-05-19,0.3933149435818196,0.28632500767707825,0.10698993590474137,0.5976895689964294,0.5147958333333333,-0.12148088975151372
2025-05-13,2025-05-20,0.40962761626839644,0.31599998474121094,0.0936276315271855,0.6211711764335632,0.52605625,-0.11642863373160356
2025-05-14,2025-05-21,0.3778030061662198,0.2994312644004822,0.07837174176573763,0.5753605961799622,0.5116166666666667,-0.1338136605004469
2025-05-15,2025-05-22,0.3477907956302167,0.28286251425743103,0.06492828137278567,0.5321589112281799,0.5382499999999999,-0.1904592043697832
2025-05-16,2025-05-23,0.3214661991715432,0.2662937343120575,0.05517246485948568,0.49426543712615967,0.5382499999999999,-0.21678380082845672
2025-05-17,2025-05-24,0.3003047261834145,0.24972501397132874,0.05057971221208579,0.46380412578582764,0.5234958333333334,-0.22319110714991885
2025-05-18,2025-05-25,0.28390070888996133,0.2331562638282776,0.05074444506168374,0.44019103050231934,0.522709375,-0.2388086661100387
2025-05-19,2025-05-26,0.2720077114671469,0.21658749878406525,0.05542021268308167,0.42307141423225403,0.5247250000000001,-0.2527172885328532
2025-05-20,2025-05-27,0.26446242333948616,0.2000187486410141,0.06444367469847206,0.4122101962566376,0.5071687500000002,-0.242706326660514
2025-05-21,2025-05-28,0.26025972257256513,0.18345001339912415,0.07680970917344099,0.40616053342819214,0.5071687500000002,-0.24690902742743503
2025-05-22,2025-05-29,0.2698840321719647,0.1790499985218048,0.0908340336501599,0.4200144410133362,0.525701388888889,-0.25581735671692424
2025-05-23,2025-05-30,0.2792871023178101,0.17464999854564667,0.10463710377216345,0.4335498809814453,0.513309375,-0.23402227268218984
2025-05-24,2025-05-31,0.3088499189198018,0.19289998710155487,0.11594993181824692,0.4761046767234802,0.5197499999999998,-0.21090008108019803
2025-05-25,2025-06-01,0.33396252233982093,0.21115000545978546,0.12281251688003547,0.5122535228729248,0.5194499999999999,-0.18548747766017892
2025-05-26,2025-06-02,0.35408226929903036,0.22940000891685486,0.1246822603821755,0.5412153005599976,0.5194499999999999,-0.1653677307009695
2025-05-27,2025-06-03,0.3695778094053269,0.24764999747276306,0.12192781193256386,0.5635206699371338,0.5184555555555556,-0.14887774615022864
2025-05-28,2025-06-04,0.3816025028944016,0.26590001583099365,0.11570248706340797,0.5808298587799072,0.4800041666666667,-0.09840166377226506
2025-05-29,2025-06-05,0.39022028270959863,0.28415000438690186,0.10607027832269678,0.5932348966598511,0.4524166666666667,-0.06219638395706806
2025-05-30,2025-06-06,0.39575077216029175,0.30239999294281006,0.0933507792174817,0.6011958718299866,0.4405583333333334,-0.04480756117304163
2025-05-31,2025-06-07,0.4001631804347039,0.32065001130104065,0.07951316913366324,0.607547402381897,0.4405583333333334,-0.040395152898629494
2025-06-01,2025-06-08,0.4101209019899369,0.3467250168323517,0.06339588515758521,0.6218812465667725,0.4604,-0.050279098010063084
2025-06-02,2025-06-09,0.41916302429437646,0.3728000223636627,0.04636300193071374,0.6348971128463745,0.464996875,-0.04583385070562351
2025-06-03,2025-06-10,0.41765819849967967,0.38296666741371155,0.03469153108596812,0.6327309608459473,0.44784027777777774,-0.030182079278098073
2025-06-04,2025-06-11,0.4189233999788762,0.39313334226608276,0.025790057712793413,0.6345521807670593,0.4894354166666666,-0.07051201668779045
2025-06-05,2025-06-12,0.42350864251852044,0.4032999873161316,0.020208655202388848,0.6411525011062622,0.4894354166666666,-0.06592677414814618
2025-06-06,2025-06-13,0.4410234947025777,0.42502859234809875,0.015994902354478924,0.6663646101951599,0.4527569444444444,-0.011733449741866742
2025-06-07,2025-06-14,0.45845660878419886,0.44675713777542114,0.011699471008777718,0.691459059715271,0.3869552083333333,0.07150140045086556
2025-06-08,2025-06-15,0.47560993342399605,0.4684857130050659,0.007124220418930127,0.7161507606506348,0.34924583333333326,0.1263641000906628
2025-06-09,2025-06-16,0.49256611768603337,0.4902142882347107,0.0023518294513226734,0.7405586838722229,0.2844749999999999,0.20809111768603344
2025-06-10,2025-06-17,0.5090693883895875,0.5119428634643555,-0.002873475074767984,0.7643146514892578,0.2844749999999999,0.22459438838958756
2025-06-11,2025-06-18,0.5264375343441964,0.5336714386940002,-0.007233904349803866,0.7893155813217163,0.34155833333333335,0.18487920101086303
2025-06-12,2025-06-19,0.5455977488577366,0.555400013923645,-0.009802265065908422,0.8168961405754089,0.339134375,0.2064633738577366
2025-06-13,2025-06-20,0.542659897607565,0.5547833442687988,-0.012123446661233883,0.812667191028595,0.3257125,0.21694739760756493
2025-06-14,2025-06-21,0.5397261870920659,0.5541666746139526,-0.014440487521886758,0.8084442019462585,0.39379375,0.14593243709206588
2025-06-15,2025-06-22,0.5367254380822182,0.5535500049591064,-0.01682456687688827,0.8041247129440308,0.39379375,0.14293168808221818
2025-06-16,2025-06-23,0.5495660219311714,0.5686799883842468,-0.019113966453075393,0.8226083517074585,0.3838458333333333,0.16572018859783816
2025-06-17,2025-06-24,0.5626079282999039,0.5838099718093872,-0.021202043509483293,0.8413817882537842,0.390821875,0.17178605329990393
2025-06-18,2025-06-25,0.5759827083289624,0.5989400148391724,-0.022957306510209996,0.8606343865394592,0.3691875,0.20679520832896237
2025-06-19,2025-06-26,0.589565311831236,0.6140699982643127,-0.024504686433076794,0.880186140537262,0.38785,0.20171531183123598
2025-06-20,2025-06-27,0.6032881620168686,0.6292000412940979,-0.025911879277229266,0.899939775466919,0.38785,0.21543816201686866
2025-06-21,2025-06-28,0.6302530402779579,0.6576499938964844,-0.027396953618526454,0.9387549161911011,0.4130041666666666,0.2172488736112913
2025-06-22,2025-06-29,0.656576353108883,0.6861000657081604,-0.02952371259927744,0.9766465425491333,0.427334375,0.22924197810888297
2025-06-23,2025-06-30,0.6523610852122308,0.6845833659172058,-0.032222280704975015,0.9705787897109985,0.4484625,0.2038985852122308
2025-06-24,2025-07-01,0.6484537223458291,0.683066725730896,-0.0346130033850669,0.9649542570114136,0.46681875000000006,0.18163497234582904
2025-06-25,2025-07-02,0.6451484637081624,0.6815500259399414,-0.03640156223177904,0.9601964354515076,0.46681875000000006,0.1783297137081623
2025-06-26,2025-07-03,0.6273540291190148,0.6649900078773499,-0.03763597875833502,0.9345818758010864,0.4386625,0.18869152911901482
2025-06-27,2025-07-04,0.6106444670140744,0.6484299898147583,-0.037785522800683924,0.9105289578437805,0.4358677083333333,0.17477675868074105
2025-06-28,2025-07-05,0.5947445841670037,0.6318699717521667,-0.03712538758516304,0.8876415491104126,0.42671944444444443,0.16802513972255928
2025-06-29,2025-07-06,0.5791853181540967,0.61531001329422,-0.036124695140123286,0.865244448184967,0.4049166666666666,0.1742686514874301
2025-06-30,2025-07-07,0.563713628679514,0.5987499952316284,-0.035036366552114395,0.8429734110832214,0.4049166666666666,0.15879696201284743
2025-07-01,2025-07-08,0.5761346318840981,0.6106100082397461,-0.03447537635564801,0.8608530759811401,0.4178861111111111,0.15824852077298696
2025-07-02,2025-07-09,0.587726121711731,0.6224700212478638,-0.03474389953613277,0.8775386810302734,0.4291895833333333,0.1585365383783977
2025-07-03,2025-07-10,0.598360894793272,0.6343300342559814,-0.03596913946270941,0.8928471207618713,0.4448027777777777,0.15355811701549432
2025-07-04,2025-07-11,0.6085650728762151,0.6461899876594543,-0.03762491478323926,0.90753573179245,0.4534625,0.1551025728762151
2025-07-05,2025-07-12,0.6185932697355748,0.658050000667572,-0.0394567309319972,0.9219710230827332,0.4534625,0.16513076973557483
2025-07-06,2025-07-13,0.6013084767699243,0.6420300006866455,-0.040721523916721236,0.8970900774002075,0.44059583333333335,0.16071264343659092
2025-07-07,2025-07-14,0.5844511732518674,0.626010000705719,-0.04155882745385164,0.872824490070343,0.438078125,0.14637304825186737
2025-07-08,2025-07-15,0.5680747332513333,0.6099900007247925,-0.041915267473459195,0.8492510914802551,0.43616249999999995,0.13191223325133333
2025-07-09,2025-07-16,0.5524378698706628,0.593970000743866,-0.04153213087320318,0.8267422914505005,0.42269375,0.1297441198706628
2025-07-10,2025-07-17,0.5377447627365589,0.5779500007629395,-0.04020523802638054,0.8055920004844666,0.42269375,0.11505101273655893
2025-07-11,2025-07-18,0.5446210323631764,0.5832750201225281,-0.03865398775935169,0.815490186214447,0.41360833333333336,0.13101269902984303
2025-07-12,2025-07-19,0.5513190433621407,0.5885999798774719,-0.037280936515331264,0.8251317739486694,0.423796875,0.12752216836214064
2025-07-13,2025-07-20,0.5319610673606396,0.5679000020027161,-0.035938934642076426,0.7972665429115295,0.42677499999999996,0.10518606736063968
2025-07-14,2025-07-21,0.5127621369779111,0.5472000241279602,-0.03443788715004914,0.7696302533149719,0.4249,0.08786213697791107
2025-07-15,2025-07-22,0.4936122743010522,0.5265000462532043,-0.032887771952152145,0.7420645952224731,0.4249,0.0687122743010522
2025-07-16,2025-07-23,0.4923570105850697,0.5237500071525574,-0.031392996567487674,0.7402576804161072,0.4122083333333333,0.08014867725173641
2025-07-17,2025-07-24,0.49099926368594177,0.5210000276565552,-0.03000076397061341,0.7383032441139221,0.4204520833333333,0.07054718035260849
2025-07-18,2025-07-25,0.48966342127323165,0.518250048160553,-0.02858662688732133,0.7363803386688232,0.42879027777777773,0.06087314349545392
2025-07-19,2025-07-26,0.4881765662670136,0.515500009059906,-0.027323442792892394,0.7342400550842285,0.4160041666666666,0.07217239960034699
2025-07-20,2025-07-27,0.4863414340674878,0.5127500295639038,-0.026408595496416,0.731598436832428,0.4160041666666666,0.07033726740082119
2025-07-21,2025-07-28,0.44847222089767463,0.47372499108314514,-0.025252770185470508,0.6770868301391602,0.39063194444444443,0.0578402764532302
2025-07-22,2025-07-29,0.41095919372439393,0.43470001220703125,-0.023740818482637316,0.6230879426002502,0.39768333333333333,0.013275860391060601
2025-07-23,2025-07-30,0.4080867660820485,0.4297333359718323,-0.02164656988978375,0.6189531683921814,0.4013027777777778,0.006783988304270738
2025-07-24,2025-07-31,0.4054612918555737,0.4247666895389557,-0.019305397683381964,0.615173876285553,0.3793625,0.026098791855573733
2025-07-25,2025-08-01,0.4027295663774014,0.4197999835014343,-0.0170704171240329,0.6112416386604309,0.3793625,0.023367066377401435
2025-07-26,2025-08-02,0.3996807434380055,0.41339999437332153,-0.013719250935316007,0.6068529486656189,0.36866666666666664,0.031014076771338883
2025-07-27,2025-08-03,0.39569131121039397,0.40700000524520874,-0.01130869403481477,0.6011102795600891,0.3800708333333333,0.015620477877060668
2025-07-28,2025-08-04,0.3916593536376954,0.40059998631477356,-0.008940632677078175,0.595306396484375,0.3934652777777778,-0.0018059241400824044
2025-07-29,2025-08-05,0.38658517314791685,0.39419999718666077,-0.007614824038743917,0.5880022644996643,0.38077916666666667,0.005806006481250181
2025-07-30,2025-08-06,0.38112416522502907,0.3877999782562256,-0.00667581303119652,0.5801413059234619,0.38077916666666667,0.0003449985583623971
2025-07-31,2025-08-07,0.38952741357684145,0.39604997634887695,-0.006522562772035501,0.5922375321388245,0.36721111111111115,0.022316302465730298
2025-08-01,2025-08-08,0.39676802644729625,0.4042999744415283,-0.007531947994232069,0.6026601791381836,0.36814895833333333,0.02861906811396292
2025-08-02,2025-08-09,0.38932857549786576,0.3981499969959259,-0.008821421498060145,0.591951310634613,0.3751069444444444,0.014221631053421335
2025-08-03,2025-08-10,0.38190320304632197,0.3920000195503235,-0.010096816504001516,0.5812627077102661,0.35551875,0.026384453046321976
2025-08-04,2025-08-11,0.37503289607763296,0.3858499825000763,-0.010817086422443334,0.5713731050491333,0.35551875,0.019514146077632966
2025-08-05,2025-08-12,0.3687533477246762,0.37976425886154175,-0.011010911136865531,0.562333881855011,0.31943472222222224,0.04931862550245397
2025-08-06,2025-08-13,0.3626246049284936,0.373678594827652,-0.0110539898991584,0.5535117387771606,0.3234635416666667,0.03916106326182689
2025-08-07,2025-08-14,0.35665635700821885,0.36759287118911743,-0.010936514180898582,0.5449206233024597,0.31792638888888886,0.038729968119329994
2025-08-08,2025-08-15,0.3508653739392758,0.3615071475505829,-0.010641773611307082,0.5365846753120422,0.2914083333333334,0.059457040605942424
2025-08-09,2025-08-16,0.34521852984428414,0.35542142391204834,-0.010202894067764201,0.5284562110900879,0.2914083333333334,0.05381019651095076
2025-08-10,2025-08-17,0.3398772305607796,0.3493357002735138,-0.009458469712734174,0.5207675695419312,0.30041111111111113,0.03946611944966849
2025-08-11,2025-08-18,0.3351084292531014,0.34324997663497925,-0.008141547381877834,0.513903021812439,0.30237916666666664,0.03272926258643477
2025-08-12,2025-08-19,0.31387374807596213,0.3192499876022339,-0.005376239526271753,0.48333632946014404,0.3207499999999999,-0.006876251924037791
2025-08-13,2025-08-20,0.29361791587173947,0.2952499985694885,-0.00163208269774906,0.45417866110801697,0.3133499999999999,-0.01973208412826044
2025-08-14,2025-08-21,0.27439229845404634,0.27125000953674316,0.003142288917303171,0.4265039563179016,0.3133499999999999,-0.03895770154595357
2025-08-15,2025-08-22,0.2774103350311518,0.26793572306632996,0.009474611964821855,0.4308483302593231,0.30667777777777777,-0.02926744274662596
2025-08-16,2025-08-23,0.2820327199608088,0.26462143659591675,0.01741128336489206,0.4375021159648895,0.3168833333333333,-0.034850613372524486
2025-08-17,2025-08-24,0.2855750977694989,0.26130715012550354,0.02426794764399537,0.4426012635231018,0.3163722222222222,-0.030797124452723312
2025-08-18,2025-08-25,0.28698079437613494,0.25799286365509033,0.028987930721044608,0.44462472200393677,0.3204166666666666,-0.03343587229053169
2025-08-19,2025-08-26,0.2865860374361277,0.2546785771846771,0.03190746025145058,0.4440564811229706,0.3204166666666666,-0.03383062923053892
2025-08-20,2025-08-27,0.28378013069629676,0.2513642907142639,0.032415839982032846,0.4400174617767334,0.28326111111111113,0.0005190195851856316
2025-08-21,2025-08-28,0.2788950782626868,0.2480500042438507,0.03084507401883607,0.4329855740070343,0.29612083333333333,-0.017225755070646553
2025-08-22,2025-08-29,0.2705440238714219,0.24158334732055664,0.02896067655086526,0.42096447944641113,0.29705,-0.02650597612857808
2025-08-23,2025-08-30,0.26309653989672666,0.23511666059494019,0.02797987930178647,0.41024404764175415,0.271825,-0.008728460103273328
2025-08-24,2025-08-31,0.2564743457496167,0.22865000367164612,0.027824342077970576,0.4007115960121155,0.271825,-0.015350654250383289
2025-08-25,2025-09-01,0.2536868238717318,0.22588001191616058,0.02780681195557122,0.39669904112815857,0.26336666666666664,-0.009679842794934834
2025-08-26,2025-09-02,0.2505625981539488,0.22311000525951385,0.02745259289443497,0.39220181107521057,0.27213124999999994,-0.021568651846051112
2025-08-27,2025-09-03,0.24718433836400514,0.22033999860286713,0.02684433976113801,0.38733890652656555,0.2931916666666666,-0.04600732830266144
2025-08-28,2025-09-04,0.24364945528507234,0.2175699919462204,0.026079463338851944,0.3822505474090576,0.2724374999999999,-0.028788044714927546
2025-08-29,2025-09-05,0.23991556849777704,0.21480000019073486,0.025115568307042174,0.37687572836875916,0.2724374999999999,-0.03252193150222285
2025-08-30,2025-09-06,0.23132973445057872,0.20720000565052032,0.024129728800058398,0.3645166754722595,0.2947472222222222,-0.0634174877716435
2025-08-31,2025-09-07,0.22348219339549544,0.1996000111103058,0.02388218228518965,0.3532203733921051,0.30030729166666664,-0.0768250982711712
2025-09-01,2025-09-08,0.222995242998004,0.19911666214466095,0.023878580853343045,0.3525194227695465,0.3182597222222222,-0.09526447922421821
2025-09-02,2025-09-09,0.22303967308104042,0.1986333429813385,0.024406330099701917,0.3525833785533905,0.32817708333333334,-0.10513741025229292
2025-09-03,2025-09-10,0.22364736730158333,0.19815000891685486,0.02549735838472847,0.35345813632011414,0.32817708333333334,-0.10452971603175001
2025-09-04,2025-09-11,0.22346575467884544,0.19619284570217133,0.027272908976674115,0.3531967103481293,0.3177055555555555,-0.09423980087671008
2025-09-05,2025-09-12,0.2234992739260197,0.19423571228981018,0.029263561636209523,0.35324496030807495,0.31559166666666666,-0.09209239274064696
2025-09-06,2025-09-13,0.2229720755875111,0.19227857887744904,0.03069349671006205,0.3524860739707947,0.3076666666666667,-0.08469459107915561
2025-09-07,2025-09-14,0.22175960636436942,0.1903214305639267,0.031438175800442725,0.3507407605648041,0.30300625000000003,-0.08124664363563061
2025-09-08,2025-09-15,0.2196023664146662,0.18836429715156555,0.03123806926310066,0.3476354777812958,0.30300625000000003,-0.08340388358533382
2025-09-09,2025-09-16,0.21665474303066734,0.1864071488380432,0.030247594192624128,0.3433924615383148,0.30683194444444445,-0.09017720141377711
2025-09-10,2025-09-17,0.21336201011538508,0.18445000052452087,0.028912009590864207,0.33865267038345337,0.30164895833333333,-0.08828694821794825
2025-09-11,2025-09-18,0.20635153927803043,0.17763333022594452,0.028718209052085913,0.32856130599975586,0.30327777777777776,-0.09692623849974732
2025-09-12,2025-09-19,0.2011069675564766,0.17081667482852936,0.030290292727947254,0.32101190090179443,0.3002916666666666,-0.09918469911019001
2025-09-13,2025-09-20,0.1978002182543278,0.164000004529953,0.033800213724374806,0.3162519335746765,0.3002916666666666,-0.10249144841233881
2025-09-14,2025-09-21,0.2054013234853745,0.1672300100326538,0.03817131345272068,0.3271934986114502,0.3187819444444444,-0.11338062095906992
2025-09-15,2025-09-22,0.21384378459453585,0.17046000063419342,0.043383783960342426,0.33934617042541504,0.3056364583333333,-0.09179267373879746
2025-09-16,2025-09-23,0.22206918839216236,0.17369000613689423,0.04837918225526813,0.3511863946914673,0.3026875,-0.08061831160783764
2025-09-17,2025-09-24,0.22990407950282102,0.17692001163959503,0.052984067863225986,0.3624644875526428,0.31098125,-0.08107717049717897
2025-09-18,2025-09-25,0.23729388304352764,0.18015000224113464,0.05714388080239299,0.3731018900871277,0.31098125,-0.07368736695647235
2025-09-19,2025-09-26,0.2407426181375981,0.18080000579357147,0.05994261234402662,0.3780662417411804,0.31577083333333333,-0.07502821519573524
2025-09-20,2025-09-27,0.24176235686540606,0.1814500093460083,0.06031234751939776,0.37953412532806396,0.30817812499999997,-0.0664157681345939
2025-09-21,2025-09-28,0.23830132378935817,0.17830000817775726,0.06000131561160091,0.37455207109451294,0.2923166666666666,-0.05401534287730844
2025-09-22,2025-09-29,0.23359452998340133,0.17515000700950623,0.0584445229738951,0.3677767813205719,0.30537499999999995,-0.07178047001659862
2025-09-23,2025-09-30,0.2276383937120438,0.1720000058412552,0.05563838787078862,0.3592031002044678,0.30537499999999995,-0.07773660628795614
2025-09-24,2025-10-01,0.2239017533361912,0.17164117097854614,0.05226058235764505,0.35382431745529175,0.31105416666666663,-0.08715241333047544
2025-09-25,2025-10-02,0.22085624298453335,0.1712823510169983,0.04957389196753506,0.34944039583206177,0.31254062499999996,-0.09168438201546661
2025-09-26,2025-10-03,0.21789222229123117,0.17092354595661163,0.04696867633461954,0.34517377614974976,0.30827083333333327,-0.0903786110421021
2025-09-27,2025-10-04,0.21529411832094195,0.1705647110939026,0.04472940722703936,0.34143388271331787,0.31970624999999997,-0.10441213167905802
2025-09-28,2025-10-05,0.2128217477589846,0.17020589113235474,0.04261585662662987,0.33787497878074646,0.31970624999999997,-0.10688450224101537
2025-09-29,2025-10-06,0.2099923009425402,0.1698470562696457,0.040145244672894514,0.33380207419395447,0.3356597222222222,-0.12566742127968197
2025-09-30,2025-10-07,0.2070496878474951,0.16948823630809784,0.03756145153939727,0.32956627011299133,0.32747812499999995,-0.12042843715250484
2025-10-01,2025-10-08,0.20415904097259047,0.16912941634655,0.03502962462604048,0.3254052698612213,0.3291666666666666,-0.12500762569407614
2025-10-02,2025-10-09,0.20311120736002924,0.16877058148384094,0.0343406258761883,0.32389694452285767,0.33524999999999994,-0.1321387926399707
2025-10-03,2025-10-10,0.20305392029583458,0.16841177642345428,0.03464214387238029,0.3238144814968109,0.33524999999999994,-0.13219607970416536
2025-10-04,2025-10-11,0.20332664978504184,0.16805294156074524,0.035273708224296596,0.324207067489624,0.33644583333333333,-0.1331191835482915
2025-10-05,2025-10-12,0.20448386090397838,0.1676941215991974,0.036789739304780994,0.32587283849716187,0.327590625,-0.12310676409602164
2025-10-06,2025-10-13,0.20676325252652172,0.16733530163764954,0.03942795088887219,0.32915395498275757,0.3142652777777778,-0.10750202525125607
2025-10-07,2025-10-14,0.21036782416999342,0.1669764667749405,0.043391357395052926,0.3343426287174225,0.31993125000000006,-0.10956342583000664
2025-10-08,2025-10-15,0.21477795504033567,0.16661764681339264,0.04816030822694303,0.34069088101387024,0.31993125000000006,-0.10515329495966438
2025-10-09,2025-10-16,0.21914396638274194,0.1662588119506836,0.05288515443205835,0.3469756245613098,0.31322083333333334,-0.09407686695059139
2025-10-10,2025-10-17,0.22321515741646292,0.16590000689029694,0.05731515052616598,0.3528359830379486,0.31905729166666663,-0.09584213425020371
2025-10-11,2025-10-18,0.22404291098117832,0.16180001199245453,0.06224289898872379,0.35402750968933105,0.3124638888888888,-0.0884209779077105
2025-10-12,2025-10-19,0.22601002909839157,0.15770000219345093,0.06831002690494065,0.35685911774635315,0.31818333333333326,-0.09217330423494169
2025-10-13,2025-10-20,0.2303403887152672,0.15360000729560852,0.0767403814196587,0.3630925416946411,0.31818333333333326,-0.08784294461806605
2025-10-14,2025-10-21,0.23628834703564647,0.14949999749660492,0.08678834953904155,0.3716544508934021,0.3413,-0.10501165296435352
2025-10-15,2025-10-22,0.24306846880316738,0.1454000025987625,0.09766846620440486,0.3814142346382141,0.3409833333333333,-0.09791486453016593
2025-10-16,2025-10-23,0.2503346300065518,0.1412999927997589,0.1090346372067929,0.39187365770339966,0.35471111111111114,-0.10437648110455933
2025-10-17,2025-10-24,0.2576898998200894,0.1371999979019165,0.12048990191817288,0.40246134996414185,0.3637833333333333,-0.1060934335132439
2025-10-18,2025-10-25,0.26440232057571417,0.1331000030040741,0.13130231757164007,0.4121236801147461,0.3637833333333333,-0.09938101275761912
2025-10-19,2025-10-26,0.269505341282487,0.1289999932050705,0.1405053480774165,0.41946932673454285,0.3380055555555555,-0.06850021427306852
2025-10-20,2025-10-27,0.27301065951585773,0.12489999830722809,0.14811066120862965,0.42451512813568115,0.3255166666666667,-0.05250600715080894
2025-10-21,2025-10-28,0.2863515683352948,0.13217000663280487,0.15418156170248992,0.44371896982192993,0.3048444444444445,-0.01849287610914968
2025-10-22,2025-10-29,0.29861779087781914,0.13944000005722046,0.15917779082059869,0.4613758325576782,0.28725,0.01136779087781914
2025-10-23,2025-10-30,0.30969740308523186,0.14671000838279724,0.16298739470243462,0.47732460498809814,0.28725,0.022447403085231854
2025-10-24,2025-10-31,0.32000656949579726,0.15398000180721283,0.16602656768858443,0.49216434359550476,0.30564444444444444,0.014362125051352814
2025-10-25,2025-11-01,0.328348141604662,0.16124999523162842,0.1670981463730336,0.5041717886924744,0.3029708333333333,0.025377308271328725
2025-10-26,2025-11-02,0.33505662866234787,0.1685200035572052,0.16653662510514267,0.513828456401825,0.30847777777777774,0.026578850884570127
2025-10-27,2025-11-03,0.3408447960317136,0.1757899969816208,0.1650547990500928,0.5221603512763977,0.3186916666666666,0.022153129365046986
2025-10-28,2025-11-04,0.345140269958973,0.18306002020835876,0.16208024975061425,0.5283435583114624,0.3186916666666666,0.026448603292306416
2025-10-29,2025-11-05,0.34771141774654396,0.19032999873161316,0.1573814190149308,0.5320446491241455,0.3074222222222222,0.04028919552432175
2025-10-30,2025-11-06,0.3498233580589295,0.19759999215602875,0.15222336590290075,0.5350847244262695,0.3211708333333333,0.028652524725596207
2025-10-31,2025-11-07,0.33925214525461206,0.19228333234786987,0.14696881290674219,0.5198677778244019,0.31408333333333327,0.02516881192127879
2025-11-01,2025-11-08,0.3292116090059281,0.186966672539711,0.1422449364662171,0.5054147243499756,0.32364999999999994,0.00556160900592817
2025-11-02,2025-11-09,0.3216192614287139,0.18165001273155212,0.13996924869716176,0.4944857656955719,0.32364999999999994,-0.0020307385712860504
2025-11-03,2025-11-10,0.3363515192091466,0.19762200117111206,0.13872951803803452,0.515692412853241,0.3388333333333333,-0.002481814124186743
2025-11-04,2025-11-11,0.35224465265870103,0.2135940045118332,0.13865064814686784,0.5385701060295105,0.3388333333333333,0.01341131932536771
2025-11-05,2025-11-12,0.36819741268754014,0.22956600785255432,0.13863140483498582,0.5615336298942566,0.3658083333333333,0.0023890793542068467
2025-11-06,2025-11-13,0.3830026509165765,0.24553799629211426,0.13746465462446222,0.5828453302383423,0.3692,0.013802650916576509
2025-11-07,2025-11-14,0.39776337624788294,0.2615099847316742,0.13625339151620874,0.6040929555892944,0.3692,0.028563376247882966
2025-11-08,2025-11-15,0.41209002836346637,0.2774820029735565,0.13460802538990985,0.6247157454490662,0.3133,0.09879002836346634
2025-11-09,2025-11-16,0.42639274703264246,0.29345402121543884,0.13293872581720362,0.6453040838241577,0.34263333333333335,0.08375941369930912
2025-11-10,2025-11-17,0.4399221420943738,0.3094260096549988,0.13049613243937502,0.6647792458534241,0.32935000000000003,0.11057214209437377
2025-11-11,2025-11-18,0.4534970024228097,0.3253979980945587,0.128099004328251,0.6843198537826538,0.32935000000000003,0.12414700242280968
2025-11-12,2025-11-19,0.4660642977833749,0.34137001633644104,0.12469428144693384,0.702410101890564,0.32935000000000003,0.13671429778337485
2025-11-13,2025-11-20,0.47702954289913185,0.3573419749736786,0.11968756792545326,0.7181942462921143,0.32935000000000003,0.14767954289913182
2025-11-14,2025-11-21,0.4872052741348744,0.3733139932155609,0.1138912809193135,0.7328419089317322,0.35570555555555555,0.13149971857931886
2025-11-15,2025-11-22,0.4979738757610322,0.38928601145744324,0.10868786430358895,0.7483429908752441,0.4048583333333333,0.09311554242769887
2025-11-16,2025-11-23,0.5092036724150181,0.4052579998970032,0.1039456725180149,0.7645079493522644,0.40841666666666665,0.10078700574835142
2025-11-17,2025-11-24,0.5226847036957741,0.4212299883365631,0.10145471535921102,0.7839134931564331,0.40841666666666665,0.11426803702910748
2025-11-18,2025-11-25,0.5399417123317719,0.43720200657844543,0.10273970575332647,0.8087544441223145,0.40841666666666665,0.13152504566510526
2025-11-19,2025-11-26,0.5591507875144482,0.45317399501800537,0.10597679249644287,0.836405336856842,0.43880833333333336,0.12034245418111489
2025-11-20,2025-11-27,0.5793786490559578,0.4691460132598877,0.11023263579607012,0.8655227422714233,0.43880833333333336,0.14057031572262446
2025-11-21,2025-11-28,0.5994256018996239,0.48511803150177,0.11430757039785389,0.894379734992981,0.4692,0.1302256018996239
2025-11-22,2025-11-29,0.6189182760000229,0.5010899901390076,0.11782828586101535,0.9224388599395752,0.4692,0.1497182760000229
2025-11-23,2025-11-30,0.6377509584009649,0.5170620083808899,0.12068895002007496,0.9495479464530945,0.4692,0.16855095840096485
2025-11-24,2025-12-01,0.6543730267822743,0.5330340266227722,0.12133900015950205,0.97347491979599,0.4692,0.18517302678227426
2025-11-25,2025-12-02,0.668432518696785,0.5490059852600098,0.11942653343677523,0.9937131404876709,0.4692,0.199232518696785
2025-11-26,2025-12-03,0.6728000000000001,0.5649780035018921,0.10782199649810797,1.0,,
2025-11-27,2025-12-04,0.6728000000000001,0.5809500217437744,0.09184997825622565,1.0,,
2025-11-28,2025-12-05,0.6728000000000001,0.5965074896812439,0.07629251031875617,1.0,0.2397,0.43310000000000004
2025-11-29,2025-12-06,0.6728000000000001,0.6120650172233582,0.06073498277664191,1.0,0.32160833333333333,0.35119166666666674
2025-11-30,2025-12-07,0.6728000000000001,0.6276225447654724,0.04517745523452765,1.0,0.32160833333333333,0.35119166666666674
2025-12-01,2025-12-08,0.6728000000000001,0.6431800127029419,0.02961998729705817,1.0,0.32160833333333333,0.35119166666666674
2025-12-02,2025-12-09,0.6728000000000001,0.6587374806404114,0.014062519359588688,1.0,0.32160833333333333,0.35119166666666674
2025-12-03,2025-12-10,0.6728000000000001,0.6742949485778809,-0.0014949485778807947,1.0,0.2680388888888889,0.4047611111111112
2025-12-04,2025-12-11,0.6728000000000001,0.6898525357246399,-0.017052535724639828,1.0,0.3231041666666667,0.3496958333333334
2025-12-05,2025-12-12,0.6728000000000001,0.7054100036621094,-0.03261000366210931,1.0,0.3509055555555556,0.3218944444444445
2025-12-06,2025-12-13,0.6728000000000001,0.7209675312042236,-0.04816753120422357,1.0,0.32460000000000006,0.3482
2025-12-07,2025-12-14,0.6728000000000001,0.7365249991416931,-0.06372499914169305,1.0,0.32460000000000006,0.3482
2025-12-08,2025-12-15,0.6728000000000001,0.7520824670791626,-0.07928246707916253,1.0,0.3666444444444445,0.30615555555555557
2025-12-09,2025-12-16,0.6728000000000001,0.7676399946212769,-0.09483999462127679,1.0,0.3458833333333334,0.3269166666666667
2025-12-10,2025-12-17,0.6728000000000001,0.7831975221633911,-0.11039752216339105,1.0,0.4075444444444445,0.2652555555555556
2025-12-11,2025-12-18,0.6728000000000001,0.7987550497055054,-0.1259550497055053,1.0,0.36716666666666675,0.3056333333333333
2025-12-12,2025-12-19,0.6728000000000001,0.8143125176429749,-0.1415125176429748,1.0,0.36716666666666675,0.3056333333333333
2025-12-13,2025-12-20,0.6728000000000001,0.8298699855804443,-0.15706998558044427,1.0,0.40433888888888897,0.2684611111111111
2025-12-14,2025-12-21,0.6728000000000001,0.8454274535179138,-0.17262745351791375,1.0,0.40433888888888897,0.2684611111111111
2025-12-15,2025-12-22,0.6728000000000001,0.8609849810600281,-0.188184981060028,1.0,0.3811416666666667,0.29165833333333335
2025-12-16,2025-12-23,0.6728000000000001,0.8765425086021423,-0.20374250860214227,1.0,0.47868333333333335,0.19411666666666672
2025-12-17,2025-12-24,0.6728000000000001,0.8921000361442566,-0.21930003614425653,1.0,0.47868333333333335,0.19411666666666672
2025-12-18,2025-12-25,0.6728000000000001,0.8738000392913818,-0.20100003929138177,1.0,0.4789916666666667,0.19380833333333336
2025-12-19,2025-12-26,0.6728000000000001,0.8554999828338623,-0.18269998283386224,1.0,0.4789916666666667,0.19380833333333336
2025-12-20,2025-12-27,0.6728000000000001,0.8598750233650208,-0.1870750233650207,1.0,0.4793,0.19350000000000006
2025-12-21,2025-12-28,0.6728000000000001,0.8642500042915344,-0.19145000429153436,1.0,0.4793,0.19350000000000006
2025-12-22,2025-12-29,0.6728000000000001,0.8686250448226929,-0.1958250448226928,1.0,0.4793,0.19350000000000006
2025-12-23,2025-12-30,0.6728000000000001,0.8729999661445618,-0.2001999661445617,1.0,0.4793,0.19350000000000006
2025-12-24,2025-12-31,0.6728000000000001,0.8773750066757202,-0.20457500667572015,1.0,0.4793,0.19350000000000006
2025-12-25,2026-01-01,0.6728000000000001,0.8817499876022339,-0.20894998760223382,1.0,0.3549125,0.31788750000000005
2025-12-26,2026-01-02,0.6728000000000001,0.8861250281333923,-0.21332502813339227,1.0,0.3549125,0.31788750000000005
2025-12-27,2026-01-03,0.6728000000000001,0.8905000686645508,-0.21770006866455072,1.0,0.3549125,0.31788750000000005
2025-12-28,2026-01-04,0.6728000000000001,0.8953750133514404,-0.22257501335144037,1.0,0.37038333333333334,0.3024166666666667
2025-12-29,2026-01-05,0.6728000000000001,0.9002499580383301,-0.22744995803833,1.0,0.34730625,0.3254937500000001
2025-12-30,2026-01-06,0.6728000000000001,0.9002499580383301,-0.22744995803833,1.0,0.3305666666666666,0.34223333333333344
